[{"pk": 1, "model": "BuLiTippApp.news", "fields": {"text": "<h3>2. Runde DFB-Pokal</h3> Die 2. Runde des DFB-Pokal wurde ausgelost.<br> <b>Jetzt tippen <a href=\"/BuLiTipp/BuLiTipp/sp36/\">hier</a> tippen!</b>", "datum": "2013-11-17T10:41:45Z", "author": 1}},
{"pk": 2, "model": "BuLiTippApp.news", "fields": {"text": "<h3>Eckdaten: Die Punktevergabe</h3> Bevor es richtig los geht sollte auch die Punktevergabe gekl&auml;rt sein. Es gibt folgende Regeln: <ul> <li>Wenn man:</li> <ul> <li>das <b>exakte Ergebnis</b> getippt hat, bekommt man: <b class=\"tipp3\">3 Punkte</b></li> <li>die richtige <b>Differenz</b> getippt hat, bekommt man: <b>2 Punkte</b></li> <li>die richtige <b>Tendenz</b> getippt hat, dann bekommt man: <b>1 Punkt</b></li> <li><b>nichts</b> von dem erreicht hat, dann bekommt man auch <b>keine Punkte</b></li> </ul> </ul>", "datum": "2013-11-17T10:42:01Z", "author": 1}},
{"pk": 3, "model": "BuLiTippApp.news", "fields": {"text": "<h3>Dies ist der test des neuen Designs</h3> mal gucken was der Tilmann so gemacht hat!", "datum": "2013-11-17T10:42:16Z", "author": 1}},
{"pk": 1, "model": "BuLiTippApp.spielzeit", "fields": {"bezeichner": "2013/2014", "saisontipp_end": "2013-12-10T18:03:18Z"}},
{"pk": 2, "model": "BuLiTippApp.spielzeit", "fields": {"bezeichner": "DFB Pokal", "saisontipp_end": null}},
{"pk": 1, "model": "BuLiTippApp.spieltag", "fields": {"spielzeit": 1, "nummer": 1, "datum": "2013-08-08T22:00:00Z"}},
{"pk": 2, "model": "BuLiTippApp.spieltag", "fields": {"spielzeit": 1, "nummer": 2, "datum": "2013-08-16T22:00:00Z"}},
{"pk": 3, "model": "BuLiTippApp.spieltag", "fields": {"spielzeit": 1, "nummer": 3, "datum": "2013-08-22T22:00:00Z"}},
{"pk": 4, "model": "BuLiTippApp.spieltag", "fields": {"spielzeit": 1, "nummer": 4, "datum": "2013-08-26T22:00:00Z"}},
{"pk": 5, "model": "BuLiTippApp.spieltag", "fields": {"spielzeit": 1, "nummer": 5, "datum": "2013-09-12T22:00:00Z"}},
{"pk": 6, "model": "BuLiTippApp.spieltag", "fields": {"spielzeit": 1, "nummer": 6, "datum": "2013-09-20T22:00:00Z"}},
{"pk": 7, "model": "BuLiTippApp.spieltag", "fields": {"spielzeit": 1, "nummer": 7, "datum": "2013-09-27T22:00:00Z"}},
{"pk": 8, "model": "BuLiTippApp.spieltag", "fields": {"spielzeit": 1, "nummer": 8, "datum": "2013-10-04T22:00:00Z"}},
{"pk": 9, "model": "BuLiTippApp.spieltag", "fields": {"spielzeit": 1, "nummer": 9, "datum": "2013-10-18T22:00:00Z"}},
{"pk": 10, "model": "BuLiTippApp.spieltag", "fields": {"spielzeit": 1, "nummer": 10, "datum": "2013-10-25T22:00:00Z"}},
{"pk": 11, "model": "BuLiTippApp.spieltag", "fields": {"spielzeit": 1, "nummer": 11, "datum": "2013-11-01T23:00:00Z"}},
{"pk": 12, "model": "BuLiTippApp.spieltag", "fields": {"spielzeit": 1, "nummer": 12, "datum": "2013-11-08T23:00:00Z"}},
{"pk": 13, "model": "BuLiTippApp.spieltag", "fields": {"spielzeit": 1, "nummer": 13, "datum": "2013-11-17T10:53:24Z"}},
{"pk": 14, "model": "BuLiTippApp.spieltag", "fields": {"spielzeit": 1, "nummer": 14, "datum": "2013-11-17T11:22:30Z"}},
{"pk": 15, "model": "BuLiTippApp.spieltag", "fields": {"spielzeit": 1, "nummer": 15, "datum": "2013-12-06T23:00:00Z"}},
{"pk": 16, "model": "BuLiTippApp.spieltag", "fields": {"spielzeit": 1, "nummer": 16, "datum": "2013-12-13T23:00:00Z"}},
{"pk": 17, "model": "BuLiTippApp.spieltag", "fields": {"spielzeit": 1, "nummer": 17, "datum": "2013-12-20T23:00:00Z"}},
{"pk": 18, "model": "BuLiTippApp.spieltag", "fields": {"spielzeit": 1, "nummer": 18, "datum": "2014-01-24T23:00:00Z"}},
{"pk": 19, "model": "BuLiTippApp.spieltag", "fields": {"spielzeit": 1, "nummer": 19, "datum": "2014-01-31T23:00:00Z"}},
{"pk": 20, "model": "BuLiTippApp.spieltag", "fields": {"spielzeit": 1, "nummer": 20, "datum": "2014-02-07T23:00:00Z"}},
{"pk": 21, "model": "BuLiTippApp.spieltag", "fields": {"spielzeit": 1, "nummer": 21, "datum": "2014-02-14T23:00:00Z"}},
{"pk": 22, "model": "BuLiTippApp.spieltag", "fields": {"spielzeit": 1, "nummer": 22, "datum": "2014-02-21T23:00:00Z"}},
{"pk": 23, "model": "BuLiTippApp.spieltag", "fields": {"spielzeit": 1, "nummer": 23, "datum": "2014-02-28T23:00:00Z"}},
{"pk": 24, "model": "BuLiTippApp.spieltag", "fields": {"spielzeit": 1, "nummer": 24, "datum": "2014-03-07T23:00:00Z"}},
{"pk": 25, "model": "BuLiTippApp.spieltag", "fields": {"spielzeit": 1, "nummer": 25, "datum": "2014-03-14T23:00:00Z"}},
{"pk": 26, "model": "BuLiTippApp.spieltag", "fields": {"spielzeit": 1, "nummer": 26, "datum": "2014-03-21T23:00:00Z"}},
{"pk": 27, "model": "BuLiTippApp.spieltag", "fields": {"spielzeit": 1, "nummer": 27, "datum": "2014-03-25T23:00:00Z"}},
{"pk": 28, "model": "BuLiTippApp.spieltag", "fields": {"spielzeit": 1, "nummer": 28, "datum": "2014-03-28T23:00:00Z"}},
{"pk": 29, "model": "BuLiTippApp.spieltag", "fields": {"spielzeit": 1, "nummer": 29, "datum": "2014-04-04T22:00:00Z"}},
{"pk": 30, "model": "BuLiTippApp.spieltag", "fields": {"spielzeit": 1, "nummer": 30, "datum": "2014-04-11T22:00:00Z"}},
{"pk": 31, "model": "BuLiTippApp.spieltag", "fields": {"spielzeit": 1, "nummer": 31, "datum": "2014-04-18T22:00:00Z"}},
{"pk": 32, "model": "BuLiTippApp.spieltag", "fields": {"spielzeit": 1, "nummer": 32, "datum": "2014-04-25T22:00:00Z"}},
{"pk": 33, "model": "BuLiTippApp.spieltag", "fields": {"spielzeit": 1, "nummer": 33, "datum": "2014-05-02T22:00:00Z"}},
{"pk": 34, "model": "BuLiTippApp.spieltag", "fields": {"spielzeit": 1, "nummer": 34, "datum": "2014-05-09T22:00:00Z"}},
{"pk": 35, "model": "BuLiTippApp.spieltag", "fields": {"spielzeit": 2, "nummer": 1, "datum": "2013-08-01T22:00:00Z"}},
{"pk": 1, "model": "BuLiTippApp.verein", "fields": {"abk": "FCB", "name": "Bayern M\u00fcnchen"}},
{"pk": 2, "model": "BuLiTippApp.verein", "fields": {"abk": "BMG", "name": "Bor. M\u00f6nchengladbach"}},
{"pk": 3, "model": "BuLiTippApp.verein", "fields": {"abk": "LEV", "name": "Bayer Leverkusen"}},
{"pk": 4, "model": "BuLiTippApp.verein", "fields": {"abk": "SCF", "name": "SC Freiburg"}},
{"pk": 5, "model": "BuLiTippApp.verein", "fields": {"abk": "H96", "name": "Hannover 96"}},
{"pk": 6, "model": "BuLiTippApp.verein", "fields": {"abk": "VFL", "name": "VfL Wolfsburg"}},
{"pk": 7, "model": "BuLiTippApp.verein", "fields": {"abk": "HOF", "name": "1899 Hoffenheim"}},
{"pk": 8, "model": "BuLiTippApp.verein", "fields": {"abk": "FCN", "name": "1. FC N\u00fcrnberg"}},
{"pk": 9, "model": "BuLiTippApp.verein", "fields": {"abk": "FCA", "name": "FC Augsburg"}},
{"pk": 10, "model": "BuLiTippApp.verein", "fields": {"abk": "BVB", "name": "Borussia Dortmund"}},
{"pk": 11, "model": "BuLiTippApp.verein", "fields": {"abk": "BSC", "name": "Hertha BSC"}},
{"pk": 12, "model": "BuLiTippApp.verein", "fields": {"abk": "SEG", "name": "Eintracht Frankfurt"}},
{"pk": 13, "model": "BuLiTippApp.verein", "fields": {"abk": "EBR", "name": "Eintracht Braunschweig"}},
{"pk": 14, "model": "BuLiTippApp.verein", "fields": {"abk": "SVW", "name": "Werder Bremen"}},
{"pk": 15, "model": "BuLiTippApp.verein", "fields": {"abk": "M05", "name": "1. FSV Mainz 05"}},
{"pk": 16, "model": "BuLiTippApp.verein", "fields": {"abk": "VFB", "name": "VfB Stuttgart"}},
{"pk": 17, "model": "BuLiTippApp.verein", "fields": {"abk": "S04", "name": "FC Schalke 04"}},
{"pk": 18, "model": "BuLiTippApp.verein", "fields": {"abk": "HSV", "name": "Hamburger SV"}},
{"pk": 19, "model": "BuLiTippApp.verein", "fields": {"abk": "", "name": "1. FC Heidenheim"}},
{"pk": 20, "model": "BuLiTippApp.verein", "fields": {"abk": "1860", "name": "1860 M\u00fcnchen"}},
{"pk": 21, "model": "BuLiTippApp.verein", "fields": {"abk": "", "name": "VfL Osnabr\u00fcck"}},
{"pk": 22, "model": "BuLiTippApp.verein", "fields": {"abk": "", "name": "FC Erzgebirge Aue"}},
{"pk": 23, "model": "BuLiTippApp.verein", "fields": {"abk": "RBL", "name": "RB Leipzig"}},
{"pk": 24, "model": "BuLiTippApp.verein", "fields": {"abk": "", "name": "SG Aumund\u2013Vegesack"}},
{"pk": 25, "model": "BuLiTippApp.verein", "fields": {"abk": "", "name": "SV Lippstadt"}},
{"pk": 26, "model": "BuLiTippApp.verein", "fields": {"abk": "", "name": "Fortuna K\u00f6ln"}},
{"pk": 27, "model": "BuLiTippApp.verein", "fields": {"abk": "", "name": "TSG Neustrelitz"}},
{"pk": 28, "model": "BuLiTippApp.verein", "fields": {"abk": "", "name": "SV Wilhelmshaven"}},
{"pk": 29, "model": "BuLiTippApp.verein", "fields": {"abk": "", "name": "Sportfreunde Baumberg"}},
{"pk": 30, "model": "BuLiTippApp.verein", "fields": {"abk": "", "name": "FC Ingolstadt"}},
{"pk": 31, "model": "BuLiTippApp.verein", "fields": {"abk": "", "name": "Neckarsulmer Sport\u2013Union"}},
{"pk": 32, "model": "BuLiTippApp.verein", "fields": {"abk": "", "name": "1. FC Kaiserslautern"}},
{"pk": 33, "model": "BuLiTippApp.verein", "fields": {"abk": "", "name": "1. FC Magdeburg"}},
{"pk": 34, "model": "BuLiTippApp.verein", "fields": {"abk": "", "name": "Energie Cottbus"}},
{"pk": 35, "model": "BuLiTippApp.verein", "fields": {"abk": "", "name": "Bahlinger SC"}},
{"pk": 36, "model": "BuLiTippApp.verein", "fields": {"abk": "", "name": "VfL Bochum"}},
{"pk": 37, "model": "BuLiTippApp.verein", "fields": {"abk": "", "name": "TSV 1860 Rosenheim"}},
{"pk": 38, "model": "BuLiTippApp.verein", "fields": {"abk": "", "name": "VfR Aalen"}},
{"pk": 39, "model": "BuLiTippApp.verein", "fields": {"abk": "", "name": "Karlsruher SC"}},
{"pk": 40, "model": "BuLiTippApp.verein", "fields": {"abk": "", "name": "Eintracht Trier"}},
{"pk": 41, "model": "BuLiTippApp.verein", "fields": {"abk": "", "name": "1. FC K\u00f6ln"}},
{"pk": 42, "model": "BuLiTippApp.verein", "fields": {"abk": "", "name": "1. FC Saarbr\u00fccken"}},
{"pk": 43, "model": "BuLiTippApp.verein", "fields": {"abk": "", "name": "Darmstadt 98"}},
{"pk": 44, "model": "BuLiTippApp.verein", "fields": {"abk": "", "name": "Arminia Bielefeld"}},
{"pk": 45, "model": "BuLiTippApp.verein", "fields": {"abk": "", "name": "SC Victoria Hamburg"}},
{"pk": 46, "model": "BuLiTippApp.verein", "fields": {"abk": "", "name": "TSG Pfeddersheim"}},
{"pk": 47, "model": "BuLiTippApp.verein", "fields": {"abk": "", "name": "SpVgg Greuther F\u00fcrth"}},
{"pk": 48, "model": "BuLiTippApp.verein", "fields": {"abk": "", "name": "Schott Jena"}},
{"pk": 49, "model": "BuLiTippApp.verein", "fields": {"abk": "", "name": "BFC Dynamo"}},
{"pk": 50, "model": "BuLiTippApp.verein", "fields": {"abk": "", "name": "VfR Neum\u00fcnster"}},
{"pk": 51, "model": "BuLiTippApp.verein", "fields": {"abk": "", "name": "SC Wiedenbr\u00fcck"}},
{"pk": 52, "model": "BuLiTippApp.verein", "fields": {"abk": "", "name": "Fortuna D\u00fcsseldorf"}},
{"pk": 53, "model": "BuLiTippApp.verein", "fields": {"abk": "", "name": "Optik Rathenow"}},
{"pk": 54, "model": "BuLiTippApp.verein", "fields": {"abk": "", "name": "FSV Frankfurt"}},
{"pk": 55, "model": "BuLiTippApp.verein", "fields": {"abk": "", "name": "FV Illertissen"}},
{"pk": 56, "model": "BuLiTippApp.verein", "fields": {"abk": "", "name": "Preu\u00dfen M\u00fcnster"}},
{"pk": 57, "model": "BuLiTippApp.verein", "fields": {"abk": "", "name": "FC St. Pauli"}},
{"pk": 58, "model": "BuLiTippApp.verein", "fields": {"abk": "", "name": "SV Sandhausen"}},
{"pk": 59, "model": "BuLiTippApp.verein", "fields": {"abk": "", "name": "FC N\u00f6ttingen"}},
{"pk": 60, "model": "BuLiTippApp.verein", "fields": {"abk": "", "name": "SSV Jahn Regensburg"}},
{"pk": 61, "model": "BuLiTippApp.verein", "fields": {"abk": "", "name": "1. FC Union Berlin"}},
{"pk": 62, "model": "BuLiTippApp.verein", "fields": {"abk": "", "name": "MSV Duisburg"}},
{"pk": 63, "model": "BuLiTippApp.verein", "fields": {"abk": "", "name": "SC Paderborn"}},
{"pk": 64, "model": "BuLiTippApp.verein", "fields": {"abk": "", "name": "BSV SW\u2013Rehden"}},
{"pk": 1, "model": "BuLiTippApp.spiel", "fields": {"heimmannschaft": 1, "auswaertsmannschaft": 2, "datum": "2013-08-08T22:00:00Z", "ergebniss": "DNF", "spieltag": 1}},
{"pk": 2, "model": "BuLiTippApp.spiel", "fields": {"heimmannschaft": 3, "auswaertsmannschaft": 4, "datum": "2013-08-08T22:00:00Z", "ergebniss": "DNF", "spieltag": 1}},
{"pk": 3, "model": "BuLiTippApp.spiel", "fields": {"heimmannschaft": 5, "auswaertsmannschaft": 6, "datum": "2013-08-08T22:00:00Z", "ergebniss": "DNF", "spieltag": 1}},
{"pk": 4, "model": "BuLiTippApp.spiel", "fields": {"heimmannschaft": 7, "auswaertsmannschaft": 8, "datum": "2013-08-08T22:00:00Z", "ergebniss": "DNF", "spieltag": 1}},
{"pk": 5, "model": "BuLiTippApp.spiel", "fields": {"heimmannschaft": 9, "auswaertsmannschaft": 10, "datum": "2013-08-08T22:00:00Z", "ergebniss": "DNF", "spieltag": 1}},
{"pk": 6, "model": "BuLiTippApp.spiel", "fields": {"heimmannschaft": 11, "auswaertsmannschaft": 12, "datum": "2013-08-08T22:00:00Z", "ergebniss": "DNF", "spieltag": 1}},
{"pk": 7, "model": "BuLiTippApp.spiel", "fields": {"heimmannschaft": 13, "auswaertsmannschaft": 14, "datum": "2013-08-08T22:00:00Z", "ergebniss": "DNF", "spieltag": 1}},
{"pk": 8, "model": "BuLiTippApp.spiel", "fields": {"heimmannschaft": 15, "auswaertsmannschaft": 16, "datum": "2013-08-08T22:00:00Z", "ergebniss": "DNF", "spieltag": 1}},
{"pk": 9, "model": "BuLiTippApp.spiel", "fields": {"heimmannschaft": 17, "auswaertsmannschaft": 18, "datum": "2013-08-08T22:00:00Z", "ergebniss": "DNF", "spieltag": 1}},
{"pk": 10, "model": "BuLiTippApp.spiel", "fields": {"heimmannschaft": 16, "auswaertsmannschaft": 3, "datum": "2013-08-16T22:00:00Z", "ergebniss": "DNF", "spieltag": 2}},
{"pk": 11, "model": "BuLiTippApp.spiel", "fields": {"heimmannschaft": 6, "auswaertsmannschaft": 17, "datum": "2013-08-16T22:00:00Z", "ergebniss": "DNF", "spieltag": 2}},
{"pk": 12, "model": "BuLiTippApp.spiel", "fields": {"heimmannschaft": 14, "auswaertsmannschaft": 9, "datum": "2013-08-16T22:00:00Z", "ergebniss": "DNF", "spieltag": 2}},
{"pk": 13, "model": "BuLiTippApp.spiel", "fields": {"heimmannschaft": 4, "auswaertsmannschaft": 15, "datum": "2013-08-16T22:00:00Z", "ergebniss": "DNF", "spieltag": 2}},
{"pk": 14, "model": "BuLiTippApp.spiel", "fields": {"heimmannschaft": 18, "auswaertsmannschaft": 7, "datum": "2013-08-16T22:00:00Z", "ergebniss": "DNF", "spieltag": 2}},
{"pk": 15, "model": "BuLiTippApp.spiel", "fields": {"heimmannschaft": 12, "auswaertsmannschaft": 1, "datum": "2013-08-16T22:00:00Z", "ergebniss": "DNF", "spieltag": 2}},
{"pk": 16, "model": "BuLiTippApp.spiel", "fields": {"heimmannschaft": 2, "auswaertsmannschaft": 5, "datum": "2013-08-16T22:00:00Z", "ergebniss": "DNF", "spieltag": 2}},
{"pk": 17, "model": "BuLiTippApp.spiel", "fields": {"heimmannschaft": 8, "auswaertsmannschaft": 11, "datum": "2013-08-16T22:00:00Z", "ergebniss": "DNF", "spieltag": 2}},
{"pk": 18, "model": "BuLiTippApp.spiel", "fields": {"heimmannschaft": 10, "auswaertsmannschaft": 13, "datum": "2013-08-16T22:00:00Z", "ergebniss": "DNF", "spieltag": 2}},
{"pk": 19, "model": "BuLiTippApp.spiel", "fields": {"heimmannschaft": 10, "auswaertsmannschaft": 14, "datum": "2013-08-22T22:00:00Z", "ergebniss": "DNF", "spieltag": 3}},
{"pk": 20, "model": "BuLiTippApp.spiel", "fields": {"heimmannschaft": 1, "auswaertsmannschaft": 8, "datum": "2013-08-22T22:00:00Z", "ergebniss": "DNF", "spieltag": 3}},
{"pk": 21, "model": "BuLiTippApp.spiel", "fields": {"heimmannschaft": 3, "auswaertsmannschaft": 2, "datum": "2013-08-22T22:00:00Z", "ergebniss": "DNF", "spieltag": 3}},
{"pk": 22, "model": "BuLiTippApp.spiel", "fields": {"heimmannschaft": 5, "auswaertsmannschaft": 17, "datum": "2013-08-22T22:00:00Z", "ergebniss": "DNF", "spieltag": 3}},
{"pk": 23, "model": "BuLiTippApp.spiel", "fields": {"heimmannschaft": 7, "auswaertsmannschaft": 4, "datum": "2013-08-22T22:00:00Z", "ergebniss": "DNF", "spieltag": 3}},
{"pk": 24, "model": "BuLiTippApp.spiel", "fields": {"heimmannschaft": 15, "auswaertsmannschaft": 6, "datum": "2013-08-22T22:00:00Z", "ergebniss": "DNF", "spieltag": 3}},
{"pk": 25, "model": "BuLiTippApp.spiel", "fields": {"heimmannschaft": 11, "auswaertsmannschaft": 18, "datum": "2013-08-22T22:00:00Z", "ergebniss": "DNF", "spieltag": 3}},
{"pk": 26, "model": "BuLiTippApp.spiel", "fields": {"heimmannschaft": 13, "auswaertsmannschaft": 12, "datum": "2013-08-22T22:00:00Z", "ergebniss": "DNF", "spieltag": 3}},
{"pk": 27, "model": "BuLiTippApp.spiel", "fields": {"heimmannschaft": 9, "auswaertsmannschaft": 16, "datum": "2013-08-22T22:00:00Z", "ergebniss": "DNF", "spieltag": 3}},
{"pk": 28, "model": "BuLiTippApp.spiel", "fields": {"heimmannschaft": 4, "auswaertsmannschaft": 1, "datum": "2013-08-26T22:00:00Z", "ergebniss": "DNF", "spieltag": 4}},
{"pk": 29, "model": "BuLiTippApp.spiel", "fields": {"heimmannschaft": 2, "auswaertsmannschaft": 14, "datum": "2013-08-26T22:00:00Z", "ergebniss": "DNF", "spieltag": 4}},
{"pk": 30, "model": "BuLiTippApp.spiel", "fields": {"heimmannschaft": 5, "auswaertsmannschaft": 15, "datum": "2013-08-26T22:00:00Z", "ergebniss": "DNF", "spieltag": 4}},
{"pk": 31, "model": "BuLiTippApp.spiel", "fields": {"heimmannschaft": 6, "auswaertsmannschaft": 11, "datum": "2013-08-26T22:00:00Z", "ergebniss": "DNF", "spieltag": 4}},
{"pk": 32, "model": "BuLiTippApp.spiel", "fields": {"heimmannschaft": 8, "auswaertsmannschaft": 9, "datum": "2013-08-26T22:00:00Z", "ergebniss": "DNF", "spieltag": 4}},
{"pk": 33, "model": "BuLiTippApp.spiel", "fields": {"heimmannschaft": 18, "auswaertsmannschaft": 13, "datum": "2013-08-26T22:00:00Z", "ergebniss": "DNF", "spieltag": 4}},
{"pk": 34, "model": "BuLiTippApp.spiel", "fields": {"heimmannschaft": 17, "auswaertsmannschaft": 3, "datum": "2013-08-26T22:00:00Z", "ergebniss": "DNF", "spieltag": 4}},
{"pk": 35, "model": "BuLiTippApp.spiel", "fields": {"heimmannschaft": 16, "auswaertsmannschaft": 7, "datum": "2013-08-26T22:00:00Z", "ergebniss": "DNF", "spieltag": 4}},
{"pk": 36, "model": "BuLiTippApp.spiel", "fields": {"heimmannschaft": 12, "auswaertsmannschaft": 10, "datum": "2013-08-26T22:00:00Z", "ergebniss": "DNF", "spieltag": 4}},
{"pk": 37, "model": "BuLiTippApp.spiel", "fields": {"heimmannschaft": 11, "auswaertsmannschaft": 16, "datum": "2013-09-12T22:00:00Z", "ergebniss": "DNF", "spieltag": 5}},
{"pk": 38, "model": "BuLiTippApp.spiel", "fields": {"heimmannschaft": 1, "auswaertsmannschaft": 5, "datum": "2013-09-12T22:00:00Z", "ergebniss": "DNF", "spieltag": 5}},
{"pk": 39, "model": "BuLiTippApp.spiel", "fields": {"heimmannschaft": 3, "auswaertsmannschaft": 6, "datum": "2013-09-12T22:00:00Z", "ergebniss": "DNF", "spieltag": 5}},
{"pk": 40, "model": "BuLiTippApp.spiel", "fields": {"heimmannschaft": 14, "auswaertsmannschaft": 12, "datum": "2013-09-12T22:00:00Z", "ergebniss": "DNF", "spieltag": 5}},
{"pk": 41, "model": "BuLiTippApp.spiel", "fields": {"heimmannschaft": 15, "auswaertsmannschaft": 17, "datum": "2013-09-12T22:00:00Z", "ergebniss": "DNF", "spieltag": 5}},
{"pk": 42, "model": "BuLiTippApp.spiel", "fields": {"heimmannschaft": 9, "auswaertsmannschaft": 4, "datum": "2013-09-12T22:00:00Z", "ergebniss": "DNF", "spieltag": 5}},
{"pk": 43, "model": "BuLiTippApp.spiel", "fields": {"heimmannschaft": 10, "auswaertsmannschaft": 18, "datum": "2013-09-12T22:00:00Z", "ergebniss": "DNF", "spieltag": 5}},
{"pk": 44, "model": "BuLiTippApp.spiel", "fields": {"heimmannschaft": 7, "auswaertsmannschaft": 2, "datum": "2013-09-12T22:00:00Z", "ergebniss": "DNF", "spieltag": 5}},
{"pk": 45, "model": "BuLiTippApp.spiel", "fields": {"heimmannschaft": 13, "auswaertsmannschaft": 8, "datum": "2013-09-12T22:00:00Z", "ergebniss": "DNF", "spieltag": 5}},
{"pk": 46, "model": "BuLiTippApp.spiel", "fields": {"heimmannschaft": 17, "auswaertsmannschaft": 1, "datum": "2013-09-20T22:00:00Z", "ergebniss": "DNF", "spieltag": 6}},
{"pk": 47, "model": "BuLiTippApp.spiel", "fields": {"heimmannschaft": 2, "auswaertsmannschaft": 13, "datum": "2013-09-20T22:00:00Z", "ergebniss": "DNF", "spieltag": 6}},
{"pk": 48, "model": "BuLiTippApp.spiel", "fields": {"heimmannschaft": 16, "auswaertsmannschaft": 12, "datum": "2013-09-20T22:00:00Z", "ergebniss": "DNF", "spieltag": 6}},
{"pk": 49, "model": "BuLiTippApp.spiel", "fields": {"heimmannschaft": 5, "auswaertsmannschaft": 9, "datum": "2013-09-20T22:00:00Z", "ergebniss": "DNF", "spieltag": 6}},
{"pk": 50, "model": "BuLiTippApp.spiel", "fields": {"heimmannschaft": 6, "auswaertsmannschaft": 7, "datum": "2013-09-20T22:00:00Z", "ergebniss": "DNF", "spieltag": 6}},
{"pk": 51, "model": "BuLiTippApp.spiel", "fields": {"heimmannschaft": 8, "auswaertsmannschaft": 10, "datum": "2013-09-20T22:00:00Z", "ergebniss": "DNF", "spieltag": 6}},
{"pk": 52, "model": "BuLiTippApp.spiel", "fields": {"heimmannschaft": 4, "auswaertsmannschaft": 11, "datum": "2013-09-20T22:00:00Z", "ergebniss": "DNF", "spieltag": 6}},
{"pk": 53, "model": "BuLiTippApp.spiel", "fields": {"heimmannschaft": 15, "auswaertsmannschaft": 3, "datum": "2013-09-20T22:00:00Z", "ergebniss": "DNF", "spieltag": 6}},
{"pk": 54, "model": "BuLiTippApp.spiel", "fields": {"heimmannschaft": 18, "auswaertsmannschaft": 14, "datum": "2013-09-20T22:00:00Z", "ergebniss": "DNF", "spieltag": 6}},
{"pk": 55, "model": "BuLiTippApp.spiel", "fields": {"heimmannschaft": 10, "auswaertsmannschaft": 4, "datum": "2013-09-27T22:00:00Z", "ergebniss": "DNF", "spieltag": 7}},
{"pk": 56, "model": "BuLiTippApp.spiel", "fields": {"heimmannschaft": 1, "auswaertsmannschaft": 6, "datum": "2013-09-27T22:00:00Z", "ergebniss": "DNF", "spieltag": 7}},
{"pk": 57, "model": "BuLiTippApp.spiel", "fields": {"heimmannschaft": 3, "auswaertsmannschaft": 5, "datum": "2013-09-27T22:00:00Z", "ergebniss": "DNF", "spieltag": 7}},
{"pk": 58, "model": "BuLiTippApp.spiel", "fields": {"heimmannschaft": 14, "auswaertsmannschaft": 8, "datum": "2013-09-27T22:00:00Z", "ergebniss": "DNF", "spieltag": 7}},
{"pk": 59, "model": "BuLiTippApp.spiel", "fields": {"heimmannschaft": 7, "auswaertsmannschaft": 17, "datum": "2013-09-27T22:00:00Z", "ergebniss": "DNF", "spieltag": 7}},
{"pk": 60, "model": "BuLiTippApp.spiel", "fields": {"heimmannschaft": 9, "auswaertsmannschaft": 2, "datum": "2013-09-27T22:00:00Z", "ergebniss": "DNF", "spieltag": 7}},
{"pk": 61, "model": "BuLiTippApp.spiel", "fields": {"heimmannschaft": 13, "auswaertsmannschaft": 16, "datum": "2013-09-27T22:00:00Z", "ergebniss": "DNF", "spieltag": 7}},
{"pk": 62, "model": "BuLiTippApp.spiel", "fields": {"heimmannschaft": 12, "auswaertsmannschaft": 18, "datum": "2013-09-27T22:00:00Z", "ergebniss": "DNF", "spieltag": 7}},
{"pk": 63, "model": "BuLiTippApp.spiel", "fields": {"heimmannschaft": 11, "auswaertsmannschaft": 15, "datum": "2013-09-27T22:00:00Z", "ergebniss": "DNF", "spieltag": 7}},
{"pk": 64, "model": "BuLiTippApp.spiel", "fields": {"heimmannschaft": 17, "auswaertsmannschaft": 9, "datum": "2013-10-04T22:00:00Z", "ergebniss": "DNF", "spieltag": 8}},
{"pk": 65, "model": "BuLiTippApp.spiel", "fields": {"heimmannschaft": 2, "auswaertsmannschaft": 10, "datum": "2013-10-04T22:00:00Z", "ergebniss": "DNF", "spieltag": 8}},
{"pk": 66, "model": "BuLiTippApp.spiel", "fields": {"heimmannschaft": 3, "auswaertsmannschaft": 1, "datum": "2013-10-04T22:00:00Z", "ergebniss": "DNF", "spieltag": 8}},
{"pk": 67, "model": "BuLiTippApp.spiel", "fields": {"heimmannschaft": 16, "auswaertsmannschaft": 14, "datum": "2013-10-04T22:00:00Z", "ergebniss": "DNF", "spieltag": 8}},
{"pk": 68, "model": "BuLiTippApp.spiel", "fields": {"heimmannschaft": 5, "auswaertsmannschaft": 11, "datum": "2013-10-04T22:00:00Z", "ergebniss": "DNF", "spieltag": 8}},
{"pk": 69, "model": "BuLiTippApp.spiel", "fields": {"heimmannschaft": 6, "auswaertsmannschaft": 13, "datum": "2013-10-04T22:00:00Z", "ergebniss": "DNF", "spieltag": 8}},
{"pk": 70, "model": "BuLiTippApp.spiel", "fields": {"heimmannschaft": 8, "auswaertsmannschaft": 18, "datum": "2013-10-04T22:00:00Z", "ergebniss": "DNF", "spieltag": 8}},
{"pk": 71, "model": "BuLiTippApp.spiel", "fields": {"heimmannschaft": 4, "auswaertsmannschaft": 12, "datum": "2013-10-04T22:00:00Z", "ergebniss": "DNF", "spieltag": 8}},
{"pk": 72, "model": "BuLiTippApp.spiel", "fields": {"heimmannschaft": 15, "auswaertsmannschaft": 7, "datum": "2013-10-04T22:00:00Z", "ergebniss": "DNF", "spieltag": 8}},
{"pk": 73, "model": "BuLiTippApp.spiel", "fields": {"heimmannschaft": 10, "auswaertsmannschaft": 5, "datum": "2013-10-18T22:00:00Z", "ergebniss": "DNF", "spieltag": 9}},
{"pk": 74, "model": "BuLiTippApp.spiel", "fields": {"heimmannschaft": 1, "auswaertsmannschaft": 15, "datum": "2013-10-18T22:00:00Z", "ergebniss": "DNF", "spieltag": 9}},
{"pk": 75, "model": "BuLiTippApp.spiel", "fields": {"heimmannschaft": 14, "auswaertsmannschaft": 4, "datum": "2013-10-18T22:00:00Z", "ergebniss": "DNF", "spieltag": 9}},
{"pk": 76, "model": "BuLiTippApp.spiel", "fields": {"heimmannschaft": 7, "auswaertsmannschaft": 3, "datum": "2013-10-18T22:00:00Z", "ergebniss": "DNF", "spieltag": 9}},
{"pk": 77, "model": "BuLiTippApp.spiel", "fields": {"heimmannschaft": 9, "auswaertsmannschaft": 6, "datum": "2013-10-18T22:00:00Z", "ergebniss": "DNF", "spieltag": 9}},
{"pk": 78, "model": "BuLiTippApp.spiel", "fields": {"heimmannschaft": 18, "auswaertsmannschaft": 16, "datum": "2013-10-18T22:00:00Z", "ergebniss": "DNF", "spieltag": 9}},
{"pk": 79, "model": "BuLiTippApp.spiel", "fields": {"heimmannschaft": 13, "auswaertsmannschaft": 17, "datum": "2013-10-18T22:00:00Z", "ergebniss": "DNF", "spieltag": 9}},
{"pk": 80, "model": "BuLiTippApp.spiel", "fields": {"heimmannschaft": 12, "auswaertsmannschaft": 8, "datum": "2013-10-18T22:00:00Z", "ergebniss": "DNF", "spieltag": 9}},
{"pk": 81, "model": "BuLiTippApp.spiel", "fields": {"heimmannschaft": 11, "auswaertsmannschaft": 2, "datum": "2013-10-18T22:00:00Z", "ergebniss": "DNF", "spieltag": 9}},
{"pk": 82, "model": "BuLiTippApp.spiel", "fields": {"heimmannschaft": 1, "auswaertsmannschaft": 11, "datum": "2013-10-25T22:00:00Z", "ergebniss": "DNF", "spieltag": 10}},
{"pk": 83, "model": "BuLiTippApp.spiel", "fields": {"heimmannschaft": 17, "auswaertsmannschaft": 10, "datum": "2013-10-25T22:00:00Z", "ergebniss": "DNF", "spieltag": 10}},
{"pk": 84, "model": "BuLiTippApp.spiel", "fields": {"heimmannschaft": 2, "auswaertsmannschaft": 12, "datum": "2013-10-25T22:00:00Z", "ergebniss": "DNF", "spieltag": 10}},
{"pk": 85, "model": "BuLiTippApp.spiel", "fields": {"heimmannschaft": 3, "auswaertsmannschaft": 9, "datum": "2013-10-25T22:00:00Z", "ergebniss": "DNF", "spieltag": 10}},
{"pk": 86, "model": "BuLiTippApp.spiel", "fields": {"heimmannschaft": 16, "auswaertsmannschaft": 8, "datum": "2013-10-25T22:00:00Z", "ergebniss": "DNF", "spieltag": 10}},
{"pk": 87, "model": "BuLiTippApp.spiel", "fields": {"heimmannschaft": 5, "auswaertsmannschaft": 7, "datum": "2013-10-25T22:00:00Z", "ergebniss": "DNF", "spieltag": 10}},
{"pk": 88, "model": "BuLiTippApp.spiel", "fields": {"heimmannschaft": 6, "auswaertsmannschaft": 14, "datum": "2013-10-25T22:00:00Z", "ergebniss": "DNF", "spieltag": 10}},
{"pk": 89, "model": "BuLiTippApp.spiel", "fields": {"heimmannschaft": 4, "auswaertsmannschaft": 18, "datum": "2013-10-25T22:00:00Z", "ergebniss": "DNF", "spieltag": 10}},
{"pk": 90, "model": "BuLiTippApp.spiel", "fields": {"heimmannschaft": 15, "auswaertsmannschaft": 13, "datum": "2013-10-25T22:00:00Z", "ergebniss": "DNF", "spieltag": 10}},
{"pk": 91, "model": "BuLiTippApp.spiel", "fields": {"heimmannschaft": 10, "auswaertsmannschaft": 16, "datum": "2013-11-01T23:00:00Z", "ergebniss": "DNF", "spieltag": 11}},
{"pk": 92, "model": "BuLiTippApp.spiel", "fields": {"heimmannschaft": 14, "auswaertsmannschaft": 5, "datum": "2013-11-01T23:00:00Z", "ergebniss": "DNF", "spieltag": 11}},
{"pk": 93, "model": "BuLiTippApp.spiel", "fields": {"heimmannschaft": 8, "auswaertsmannschaft": 4, "datum": "2013-11-01T23:00:00Z", "ergebniss": "DNF", "spieltag": 11}},
{"pk": 94, "model": "BuLiTippApp.spiel", "fields": {"heimmannschaft": 7, "auswaertsmannschaft": 1, "datum": "2013-11-01T23:00:00Z", "ergebniss": "DNF", "spieltag": 11}},
{"pk": 95, "model": "BuLiTippApp.spiel", "fields": {"heimmannschaft": 9, "auswaertsmannschaft": 15, "datum": "2013-11-01T23:00:00Z", "ergebniss": "DNF", "spieltag": 11}},
{"pk": 96, "model": "BuLiTippApp.spiel", "fields": {"heimmannschaft": 18, "auswaertsmannschaft": 2, "datum": "2013-11-01T23:00:00Z", "ergebniss": "DNF", "spieltag": 11}},
{"pk": 97, "model": "BuLiTippApp.spiel", "fields": {"heimmannschaft": 13, "auswaertsmannschaft": 3, "datum": "2013-11-01T23:00:00Z", "ergebniss": "DNF", "spieltag": 11}},
{"pk": 98, "model": "BuLiTippApp.spiel", "fields": {"heimmannschaft": 12, "auswaertsmannschaft": 6, "datum": "2013-11-01T23:00:00Z", "ergebniss": "DNF", "spieltag": 11}},
{"pk": 99, "model": "BuLiTippApp.spiel", "fields": {"heimmannschaft": 11, "auswaertsmannschaft": 17, "datum": "2013-11-01T23:00:00Z", "ergebniss": "DNF", "spieltag": 11}},
{"pk": 100, "model": "BuLiTippApp.spiel", "fields": {"heimmannschaft": 1, "auswaertsmannschaft": 9, "datum": "2013-11-08T23:00:00Z", "ergebniss": "DNF", "spieltag": 12}},
{"pk": 101, "model": "BuLiTippApp.spiel", "fields": {"heimmannschaft": 17, "auswaertsmannschaft": 14, "datum": "2013-11-08T23:00:00Z", "ergebniss": "DNF", "spieltag": 12}},
{"pk": 102, "model": "BuLiTippApp.spiel", "fields": {"heimmannschaft": 2, "auswaertsmannschaft": 8, "datum": "2013-11-08T23:00:00Z", "ergebniss": "DNF", "spieltag": 12}},
{"pk": 103, "model": "BuLiTippApp.spiel", "fields": {"heimmannschaft": 3, "auswaertsmannschaft": 18, "datum": "2013-11-08T23:00:00Z", "ergebniss": "DNF", "spieltag": 12}},
{"pk": 104, "model": "BuLiTippApp.spiel", "fields": {"heimmannschaft": 5, "auswaertsmannschaft": 13, "datum": "2013-11-08T23:00:00Z", "ergebniss": "DNF", "spieltag": 12}},
{"pk": 105, "model": "BuLiTippApp.spiel", "fields": {"heimmannschaft": 6, "auswaertsmannschaft": 10, "datum": "2013-11-08T23:00:00Z", "ergebniss": "DNF", "spieltag": 12}},
{"pk": 106, "model": "BuLiTippApp.spiel", "fields": {"heimmannschaft": 7, "auswaertsmannschaft": 11, "datum": "2013-11-08T23:00:00Z", "ergebniss": "DNF", "spieltag": 12}},
{"pk": 107, "model": "BuLiTippApp.spiel", "fields": {"heimmannschaft": 4, "auswaertsmannschaft": 16, "datum": "2013-11-08T23:00:00Z", "ergebniss": "DNF", "spieltag": 12}},
{"pk": 108, "model": "BuLiTippApp.spiel", "fields": {"heimmannschaft": 15, "auswaertsmannschaft": 12, "datum": "2013-11-08T23:00:00Z", "ergebniss": "DNF", "spieltag": 12}},
{"pk": 109, "model": "BuLiTippApp.spiel", "fields": {"heimmannschaft": 10, "auswaertsmannschaft": 1, "datum": "2013-11-22T23:00:00Z", "ergebniss": "1:0", "spieltag": 13}},
{"pk": 110, "model": "BuLiTippApp.spiel", "fields": {"heimmannschaft": 16, "auswaertsmannschaft": 2, "datum": "2013-11-22T23:00:00Z", "ergebniss": "0:1", "spieltag": 13}},
{"pk": 111, "model": "BuLiTippApp.spiel", "fields": {"heimmannschaft": 14, "auswaertsmannschaft": 15, "datum": "2013-11-22T23:00:00Z", "ergebniss": "1:0", "spieltag": 13}},
{"pk": 112, "model": "BuLiTippApp.spiel", "fields": {"heimmannschaft": 8, "auswaertsmannschaft": 6, "datum": "2013-11-22T23:00:00Z", "ergebniss": "0:1", "spieltag": 13}},
{"pk": 113, "model": "BuLiTippApp.spiel", "fields": {"heimmannschaft": 9, "auswaertsmannschaft": 7, "datum": "2013-11-22T23:00:00Z", "ergebniss": "1:0", "spieltag": 13}},
{"pk": 114, "model": "BuLiTippApp.spiel", "fields": {"heimmannschaft": 18, "auswaertsmannschaft": 5, "datum": "2013-11-22T23:00:00Z", "ergebniss": "0:1", "spieltag": 13}},
{"pk": 115, "model": "BuLiTippApp.spiel", "fields": {"heimmannschaft": 13, "auswaertsmannschaft": 4, "datum": "2013-11-22T23:00:00Z", "ergebniss": "1:0", "spieltag": 13}},
{"pk": 116, "model": "BuLiTippApp.spiel", "fields": {"heimmannschaft": 12, "auswaertsmannschaft": 17, "datum": "2013-11-22T23:00:00Z", "ergebniss": "0:1", "spieltag": 13}},
{"pk": 117, "model": "BuLiTippApp.spiel", "fields": {"heimmannschaft": 11, "auswaertsmannschaft": 3, "datum": "2013-11-22T23:00:00Z", "ergebniss": "1:0", "spieltag": 13}},
{"pk": 118, "model": "BuLiTippApp.spiel", "fields": {"heimmannschaft": 1, "auswaertsmannschaft": 13, "datum": "2013-11-29T23:00:00Z", "ergebniss": "1:0", "spieltag": 14}},
{"pk": 119, "model": "BuLiTippApp.spiel", "fields": {"heimmannschaft": 17, "auswaertsmannschaft": 16, "datum": "2013-11-29T23:00:00Z", "ergebniss": "0:1", "spieltag": 14}},
{"pk": 120, "model": "BuLiTippApp.spiel", "fields": {"heimmannschaft": 2, "auswaertsmannschaft": 4, "datum": "2013-11-29T23:00:00Z", "ergebniss": "0:1", "spieltag": 14}},
{"pk": 121, "model": "BuLiTippApp.spiel", "fields": {"heimmannschaft": 3, "auswaertsmannschaft": 8, "datum": "2013-11-29T23:00:00Z", "ergebniss": "2:2", "spieltag": 14}},
{"pk": 122, "model": "BuLiTippApp.spiel", "fields": {"heimmannschaft": 5, "auswaertsmannschaft": 12, "datum": "2013-11-29T23:00:00Z", "ergebniss": "0:1", "spieltag": 14}},
{"pk": 123, "model": "BuLiTippApp.spiel", "fields": {"heimmannschaft": 6, "auswaertsmannschaft": 18, "datum": "2013-11-29T23:00:00Z", "ergebniss": "6:1", "spieltag": 14}},
{"pk": 124, "model": "BuLiTippApp.spiel", "fields": {"heimmannschaft": 7, "auswaertsmannschaft": 14, "datum": "2013-11-29T23:00:00Z", "ergebniss": "0:1", "spieltag": 14}},
{"pk": 125, "model": "BuLiTippApp.spiel", "fields": {"heimmannschaft": 15, "auswaertsmannschaft": 10, "datum": "2013-11-29T23:00:00Z", "ergebniss": "1:0", "spieltag": 14}},
{"pk": 126, "model": "BuLiTippApp.spiel", "fields": {"heimmannschaft": 11, "auswaertsmannschaft": 9, "datum": "2013-11-29T23:00:00Z", "ergebniss": "0:1", "spieltag": 14}},
{"pk": 127, "model": "BuLiTippApp.spiel", "fields": {"heimmannschaft": 10, "auswaertsmannschaft": 3, "datum": "2013-12-06T23:00:00Z", "ergebniss": "DNF", "spieltag": 15}},
{"pk": 128, "model": "BuLiTippApp.spiel", "fields": {"heimmannschaft": 2, "auswaertsmannschaft": 17, "datum": "2013-12-06T23:00:00Z", "ergebniss": "DNF", "spieltag": 15}},
{"pk": 129, "model": "BuLiTippApp.spiel", "fields": {"heimmannschaft": 16, "auswaertsmannschaft": 5, "datum": "2013-12-06T23:00:00Z", "ergebniss": "DNF", "spieltag": 15}},
{"pk": 130, "model": "BuLiTippApp.spiel", "fields": {"heimmannschaft": 14, "auswaertsmannschaft": 1, "datum": "2013-12-06T23:00:00Z", "ergebniss": "DNF", "spieltag": 15}},
{"pk": 131, "model": "BuLiTippApp.spiel", "fields": {"heimmannschaft": 8, "auswaertsmannschaft": 15, "datum": "2013-12-06T23:00:00Z", "ergebniss": "DNF", "spieltag": 15}},
{"pk": 132, "model": "BuLiTippApp.spiel", "fields": {"heimmannschaft": 4, "auswaertsmannschaft": 6, "datum": "2013-12-06T23:00:00Z", "ergebniss": "DNF", "spieltag": 15}},
{"pk": 133, "model": "BuLiTippApp.spiel", "fields": {"heimmannschaft": 18, "auswaertsmannschaft": 9, "datum": "2013-12-06T23:00:00Z", "ergebniss": "DNF", "spieltag": 15}},
{"pk": 134, "model": "BuLiTippApp.spiel", "fields": {"heimmannschaft": 13, "auswaertsmannschaft": 11, "datum": "2013-12-06T23:00:00Z", "ergebniss": "DNF", "spieltag": 15}},
{"pk": 135, "model": "BuLiTippApp.spiel", "fields": {"heimmannschaft": 12, "auswaertsmannschaft": 7, "datum": "2013-12-06T23:00:00Z", "ergebniss": "DNF", "spieltag": 15}},
{"pk": 136, "model": "BuLiTippApp.spiel", "fields": {"heimmannschaft": 1, "auswaertsmannschaft": 18, "datum": "2013-12-13T23:00:00Z", "ergebniss": "DNF", "spieltag": 16}},
{"pk": 137, "model": "BuLiTippApp.spiel", "fields": {"heimmannschaft": 17, "auswaertsmannschaft": 4, "datum": "2013-12-13T23:00:00Z", "ergebniss": "DNF", "spieltag": 16}},
{"pk": 138, "model": "BuLiTippApp.spiel", "fields": {"heimmannschaft": 3, "auswaertsmannschaft": 12, "datum": "2013-12-13T23:00:00Z", "ergebniss": "DNF", "spieltag": 16}},
{"pk": 139, "model": "BuLiTippApp.spiel", "fields": {"heimmannschaft": 5, "auswaertsmannschaft": 8, "datum": "2013-12-13T23:00:00Z", "ergebniss": "DNF", "spieltag": 16}},
{"pk": 140, "model": "BuLiTippApp.spiel", "fields": {"heimmannschaft": 6, "auswaertsmannschaft": 16, "datum": "2013-12-13T23:00:00Z", "ergebniss": "DNF", "spieltag": 16}},
{"pk": 141, "model": "BuLiTippApp.spiel", "fields": {"heimmannschaft": 7, "auswaertsmannschaft": 10, "datum": "2013-12-13T23:00:00Z", "ergebniss": "DNF", "spieltag": 16}},
{"pk": 142, "model": "BuLiTippApp.spiel", "fields": {"heimmannschaft": 15, "auswaertsmannschaft": 2, "datum": "2013-12-13T23:00:00Z", "ergebniss": "DNF", "spieltag": 16}},
{"pk": 143, "model": "BuLiTippApp.spiel", "fields": {"heimmannschaft": 9, "auswaertsmannschaft": 13, "datum": "2013-12-13T23:00:00Z", "ergebniss": "DNF", "spieltag": 16}},
{"pk": 144, "model": "BuLiTippApp.spiel", "fields": {"heimmannschaft": 11, "auswaertsmannschaft": 14, "datum": "2013-12-13T23:00:00Z", "ergebniss": "DNF", "spieltag": 16}},
{"pk": 145, "model": "BuLiTippApp.spiel", "fields": {"heimmannschaft": 10, "auswaertsmannschaft": 11, "datum": "2013-12-20T23:00:00Z", "ergebniss": "DNF", "spieltag": 17}},
{"pk": 146, "model": "BuLiTippApp.spiel", "fields": {"heimmannschaft": 2, "auswaertsmannschaft": 6, "datum": "2013-12-20T23:00:00Z", "ergebniss": "DNF", "spieltag": 17}},
{"pk": 147, "model": "BuLiTippApp.spiel", "fields": {"heimmannschaft": 14, "auswaertsmannschaft": 3, "datum": "2013-12-20T23:00:00Z", "ergebniss": "DNF", "spieltag": 17}},
{"pk": 148, "model": "BuLiTippApp.spiel", "fields": {"heimmannschaft": 8, "auswaertsmannschaft": 17, "datum": "2013-12-20T23:00:00Z", "ergebniss": "DNF", "spieltag": 17}},
{"pk": 149, "model": "BuLiTippApp.spiel", "fields": {"heimmannschaft": 4, "auswaertsmannschaft": 5, "datum": "2013-12-20T23:00:00Z", "ergebniss": "DNF", "spieltag": 17}},
{"pk": 150, "model": "BuLiTippApp.spiel", "fields": {"heimmannschaft": 18, "auswaertsmannschaft": 15, "datum": "2013-12-20T23:00:00Z", "ergebniss": "DNF", "spieltag": 17}},
{"pk": 151, "model": "BuLiTippApp.spiel", "fields": {"heimmannschaft": 13, "auswaertsmannschaft": 7, "datum": "2013-12-20T23:00:00Z", "ergebniss": "DNF", "spieltag": 17}},
{"pk": 152, "model": "BuLiTippApp.spiel", "fields": {"heimmannschaft": 12, "auswaertsmannschaft": 9, "datum": "2013-12-20T23:00:00Z", "ergebniss": "DNF", "spieltag": 17}},
{"pk": 153, "model": "BuLiTippApp.spiel", "fields": {"heimmannschaft": 16, "auswaertsmannschaft": 1, "datum": "2013-12-20T23:00:00Z", "ergebniss": "DNF", "spieltag": 17}},
{"pk": 154, "model": "BuLiTippApp.spiel", "fields": {"heimmannschaft": 2, "auswaertsmannschaft": 1, "datum": "2014-01-24T23:00:00Z", "ergebniss": "DNF", "spieltag": 18}},
{"pk": 155, "model": "BuLiTippApp.spiel", "fields": {"heimmannschaft": 18, "auswaertsmannschaft": 17, "datum": "2014-01-24T23:00:00Z", "ergebniss": "DNF", "spieltag": 18}},
{"pk": 156, "model": "BuLiTippApp.spiel", "fields": {"heimmannschaft": 4, "auswaertsmannschaft": 3, "datum": "2014-01-24T23:00:00Z", "ergebniss": "DNF", "spieltag": 18}},
{"pk": 157, "model": "BuLiTippApp.spiel", "fields": {"heimmannschaft": 6, "auswaertsmannschaft": 5, "datum": "2014-01-24T23:00:00Z", "ergebniss": "DNF", "spieltag": 18}},
{"pk": 158, "model": "BuLiTippApp.spiel", "fields": {"heimmannschaft": 8, "auswaertsmannschaft": 7, "datum": "2014-01-24T23:00:00Z", "ergebniss": "DNF", "spieltag": 18}},
{"pk": 159, "model": "BuLiTippApp.spiel", "fields": {"heimmannschaft": 16, "auswaertsmannschaft": 15, "datum": "2014-01-24T23:00:00Z", "ergebniss": "DNF", "spieltag": 18}},
{"pk": 160, "model": "BuLiTippApp.spiel", "fields": {"heimmannschaft": 10, "auswaertsmannschaft": 9, "datum": "2014-01-24T23:00:00Z", "ergebniss": "DNF", "spieltag": 18}},
{"pk": 161, "model": "BuLiTippApp.spiel", "fields": {"heimmannschaft": 14, "auswaertsmannschaft": 13, "datum": "2014-01-24T23:00:00Z", "ergebniss": "DNF", "spieltag": 18}},
{"pk": 162, "model": "BuLiTippApp.spiel", "fields": {"heimmannschaft": 12, "auswaertsmannschaft": 11, "datum": "2014-01-24T23:00:00Z", "ergebniss": "DNF", "spieltag": 18}},
{"pk": 163, "model": "BuLiTippApp.spiel", "fields": {"heimmannschaft": 13, "auswaertsmannschaft": 10, "datum": "2014-01-31T23:00:00Z", "ergebniss": "DNF", "spieltag": 19}},
{"pk": 164, "model": "BuLiTippApp.spiel", "fields": {"heimmannschaft": 5, "auswaertsmannschaft": 2, "datum": "2014-01-31T23:00:00Z", "ergebniss": "DNF", "spieltag": 19}},
{"pk": 165, "model": "BuLiTippApp.spiel", "fields": {"heimmannschaft": 3, "auswaertsmannschaft": 16, "datum": "2014-01-31T23:00:00Z", "ergebniss": "DNF", "spieltag": 19}},
{"pk": 166, "model": "BuLiTippApp.spiel", "fields": {"heimmannschaft": 17, "auswaertsmannschaft": 6, "datum": "2014-01-31T23:00:00Z", "ergebniss": "DNF", "spieltag": 19}},
{"pk": 167, "model": "BuLiTippApp.spiel", "fields": {"heimmannschaft": 9, "auswaertsmannschaft": 14, "datum": "2014-01-31T23:00:00Z", "ergebniss": "DNF", "spieltag": 19}},
{"pk": 168, "model": "BuLiTippApp.spiel", "fields": {"heimmannschaft": 11, "auswaertsmannschaft": 8, "datum": "2014-01-31T23:00:00Z", "ergebniss": "DNF", "spieltag": 19}},
{"pk": 169, "model": "BuLiTippApp.spiel", "fields": {"heimmannschaft": 15, "auswaertsmannschaft": 4, "datum": "2014-01-31T23:00:00Z", "ergebniss": "DNF", "spieltag": 19}},
{"pk": 170, "model": "BuLiTippApp.spiel", "fields": {"heimmannschaft": 7, "auswaertsmannschaft": 18, "datum": "2014-01-31T23:00:00Z", "ergebniss": "DNF", "spieltag": 19}},
{"pk": 171, "model": "BuLiTippApp.spiel", "fields": {"heimmannschaft": 1, "auswaertsmannschaft": 12, "datum": "2014-01-31T23:00:00Z", "ergebniss": "DNF", "spieltag": 19}},
{"pk": 172, "model": "BuLiTippApp.spiel", "fields": {"heimmannschaft": 14, "auswaertsmannschaft": 10, "datum": "2014-02-07T23:00:00Z", "ergebniss": "DNF", "spieltag": 20}},
{"pk": 173, "model": "BuLiTippApp.spiel", "fields": {"heimmannschaft": 8, "auswaertsmannschaft": 1, "datum": "2014-02-07T23:00:00Z", "ergebniss": "DNF", "spieltag": 20}},
{"pk": 174, "model": "BuLiTippApp.spiel", "fields": {"heimmannschaft": 2, "auswaertsmannschaft": 3, "datum": "2014-02-07T23:00:00Z", "ergebniss": "DNF", "spieltag": 20}},
{"pk": 175, "model": "BuLiTippApp.spiel", "fields": {"heimmannschaft": 17, "auswaertsmannschaft": 5, "datum": "2014-02-07T23:00:00Z", "ergebniss": "DNF", "spieltag": 20}},
{"pk": 176, "model": "BuLiTippApp.spiel", "fields": {"heimmannschaft": 4, "auswaertsmannschaft": 7, "datum": "2014-02-07T23:00:00Z", "ergebniss": "DNF", "spieltag": 20}},
{"pk": 177, "model": "BuLiTippApp.spiel", "fields": {"heimmannschaft": 6, "auswaertsmannschaft": 15, "datum": "2014-02-07T23:00:00Z", "ergebniss": "DNF", "spieltag": 20}},
{"pk": 178, "model": "BuLiTippApp.spiel", "fields": {"heimmannschaft": 16, "auswaertsmannschaft": 9, "datum": "2014-02-07T23:00:00Z", "ergebniss": "DNF", "spieltag": 20}},
{"pk": 179, "model": "BuLiTippApp.spiel", "fields": {"heimmannschaft": 12, "auswaertsmannschaft": 13, "datum": "2014-02-07T23:00:00Z", "ergebniss": "DNF", "spieltag": 20}},
{"pk": 180, "model": "BuLiTippApp.spiel", "fields": {"heimmannschaft": 18, "auswaertsmannschaft": 11, "datum": "2014-02-07T23:00:00Z", "ergebniss": "DNF", "spieltag": 20}},
{"pk": 181, "model": "BuLiTippApp.spiel", "fields": {"heimmannschaft": 3, "auswaertsmannschaft": 17, "datum": "2014-02-14T23:00:00Z", "ergebniss": "DNF", "spieltag": 21}},
{"pk": 182, "model": "BuLiTippApp.spiel", "fields": {"heimmannschaft": 14, "auswaertsmannschaft": 2, "datum": "2014-02-14T23:00:00Z", "ergebniss": "DNF", "spieltag": 21}},
{"pk": 183, "model": "BuLiTippApp.spiel", "fields": {"heimmannschaft": 7, "auswaertsmannschaft": 16, "datum": "2014-02-14T23:00:00Z", "ergebniss": "DNF", "spieltag": 21}},
{"pk": 184, "model": "BuLiTippApp.spiel", "fields": {"heimmannschaft": 15, "auswaertsmannschaft": 5, "datum": "2014-02-14T23:00:00Z", "ergebniss": "DNF", "spieltag": 21}},
{"pk": 185, "model": "BuLiTippApp.spiel", "fields": {"heimmannschaft": 11, "auswaertsmannschaft": 6, "datum": "2014-02-14T23:00:00Z", "ergebniss": "DNF", "spieltag": 21}},
{"pk": 186, "model": "BuLiTippApp.spiel", "fields": {"heimmannschaft": 9, "auswaertsmannschaft": 8, "datum": "2014-02-14T23:00:00Z", "ergebniss": "DNF", "spieltag": 21}},
{"pk": 187, "model": "BuLiTippApp.spiel", "fields": {"heimmannschaft": 1, "auswaertsmannschaft": 4, "datum": "2014-02-14T23:00:00Z", "ergebniss": "DNF", "spieltag": 21}},
{"pk": 188, "model": "BuLiTippApp.spiel", "fields": {"heimmannschaft": 13, "auswaertsmannschaft": 18, "datum": "2014-02-14T23:00:00Z", "ergebniss": "DNF", "spieltag": 21}},
{"pk": 189, "model": "BuLiTippApp.spiel", "fields": {"heimmannschaft": 10, "auswaertsmannschaft": 12, "datum": "2014-02-14T23:00:00Z", "ergebniss": "DNF", "spieltag": 21}},
{"pk": 190, "model": "BuLiTippApp.spiel", "fields": {"heimmannschaft": 18, "auswaertsmannschaft": 10, "datum": "2014-02-21T23:00:00Z", "ergebniss": "DNF", "spieltag": 22}},
{"pk": 191, "model": "BuLiTippApp.spiel", "fields": {"heimmannschaft": 5, "auswaertsmannschaft": 1, "datum": "2014-02-21T23:00:00Z", "ergebniss": "DNF", "spieltag": 22}},
{"pk": 192, "model": "BuLiTippApp.spiel", "fields": {"heimmannschaft": 6, "auswaertsmannschaft": 3, "datum": "2014-02-21T23:00:00Z", "ergebniss": "DNF", "spieltag": 22}},
{"pk": 193, "model": "BuLiTippApp.spiel", "fields": {"heimmannschaft": 12, "auswaertsmannschaft": 14, "datum": "2014-02-21T23:00:00Z", "ergebniss": "DNF", "spieltag": 22}},
{"pk": 194, "model": "BuLiTippApp.spiel", "fields": {"heimmannschaft": 2, "auswaertsmannschaft": 7, "datum": "2014-02-21T23:00:00Z", "ergebniss": "DNF", "spieltag": 22}},
{"pk": 195, "model": "BuLiTippApp.spiel", "fields": {"heimmannschaft": 17, "auswaertsmannschaft": 15, "datum": "2014-02-21T23:00:00Z", "ergebniss": "DNF", "spieltag": 22}},
{"pk": 196, "model": "BuLiTippApp.spiel", "fields": {"heimmannschaft": 4, "auswaertsmannschaft": 9, "datum": "2014-02-21T23:00:00Z", "ergebniss": "DNF", "spieltag": 22}},
{"pk": 197, "model": "BuLiTippApp.spiel", "fields": {"heimmannschaft": 8, "auswaertsmannschaft": 13, "datum": "2014-02-21T23:00:00Z", "ergebniss": "DNF", "spieltag": 22}},
{"pk": 198, "model": "BuLiTippApp.spiel", "fields": {"heimmannschaft": 16, "auswaertsmannschaft": 11, "datum": "2014-02-21T23:00:00Z", "ergebniss": "DNF", "spieltag": 22}},
{"pk": 199, "model": "BuLiTippApp.spiel", "fields": {"heimmannschaft": 1, "auswaertsmannschaft": 17, "datum": "2014-02-28T23:00:00Z", "ergebniss": "DNF", "spieltag": 23}},
{"pk": 200, "model": "BuLiTippApp.spiel", "fields": {"heimmannschaft": 13, "auswaertsmannschaft": 2, "datum": "2014-02-28T23:00:00Z", "ergebniss": "DNF", "spieltag": 23}},
{"pk": 201, "model": "BuLiTippApp.spiel", "fields": {"heimmannschaft": 12, "auswaertsmannschaft": 16, "datum": "2014-02-28T23:00:00Z", "ergebniss": "DNF", "spieltag": 23}},
{"pk": 202, "model": "BuLiTippApp.spiel", "fields": {"heimmannschaft": 9, "auswaertsmannschaft": 5, "datum": "2014-02-28T23:00:00Z", "ergebniss": "DNF", "spieltag": 23}},
{"pk": 203, "model": "BuLiTippApp.spiel", "fields": {"heimmannschaft": 7, "auswaertsmannschaft": 6, "datum": "2014-02-28T23:00:00Z", "ergebniss": "DNF", "spieltag": 23}},
{"pk": 204, "model": "BuLiTippApp.spiel", "fields": {"heimmannschaft": 10, "auswaertsmannschaft": 8, "datum": "2014-02-28T23:00:00Z", "ergebniss": "DNF", "spieltag": 23}},
{"pk": 205, "model": "BuLiTippApp.spiel", "fields": {"heimmannschaft": 11, "auswaertsmannschaft": 4, "datum": "2014-02-28T23:00:00Z", "ergebniss": "DNF", "spieltag": 23}},
{"pk": 206, "model": "BuLiTippApp.spiel", "fields": {"heimmannschaft": 3, "auswaertsmannschaft": 15, "datum": "2014-02-28T23:00:00Z", "ergebniss": "DNF", "spieltag": 23}},
{"pk": 207, "model": "BuLiTippApp.spiel", "fields": {"heimmannschaft": 14, "auswaertsmannschaft": 18, "datum": "2014-02-28T23:00:00Z", "ergebniss": "DNF", "spieltag": 23}},
{"pk": 208, "model": "BuLiTippApp.spiel", "fields": {"heimmannschaft": 4, "auswaertsmannschaft": 10, "datum": "2014-03-07T23:00:00Z", "ergebniss": "DNF", "spieltag": 24}},
{"pk": 209, "model": "BuLiTippApp.spiel", "fields": {"heimmannschaft": 6, "auswaertsmannschaft": 1, "datum": "2014-03-07T23:00:00Z", "ergebniss": "DNF", "spieltag": 24}},
{"pk": 210, "model": "BuLiTippApp.spiel", "fields": {"heimmannschaft": 5, "auswaertsmannschaft": 3, "datum": "2014-03-07T23:00:00Z", "ergebniss": "DNF", "spieltag": 24}},
{"pk": 211, "model": "BuLiTippApp.spiel", "fields": {"heimmannschaft": 8, "auswaertsmannschaft": 14, "datum": "2014-03-07T23:00:00Z", "ergebniss": "DNF", "spieltag": 24}},
{"pk": 212, "model": "BuLiTippApp.spiel", "fields": {"heimmannschaft": 17, "auswaertsmannschaft": 7, "datum": "2014-03-07T23:00:00Z", "ergebniss": "DNF", "spieltag": 24}},
{"pk": 213, "model": "BuLiTippApp.spiel", "fields": {"heimmannschaft": 2, "auswaertsmannschaft": 9, "datum": "2014-03-07T23:00:00Z", "ergebniss": "DNF", "spieltag": 24}},
{"pk": 214, "model": "BuLiTippApp.spiel", "fields": {"heimmannschaft": 16, "auswaertsmannschaft": 13, "datum": "2014-03-07T23:00:00Z", "ergebniss": "DNF", "spieltag": 24}},
{"pk": 215, "model": "BuLiTippApp.spiel", "fields": {"heimmannschaft": 18, "auswaertsmannschaft": 12, "datum": "2014-03-07T23:00:00Z", "ergebniss": "DNF", "spieltag": 24}},
{"pk": 216, "model": "BuLiTippApp.spiel", "fields": {"heimmannschaft": 15, "auswaertsmannschaft": 11, "datum": "2014-03-07T23:00:00Z", "ergebniss": "DNF", "spieltag": 24}},
{"pk": 217, "model": "BuLiTippApp.spiel", "fields": {"heimmannschaft": 9, "auswaertsmannschaft": 17, "datum": "2014-03-14T23:00:00Z", "ergebniss": "DNF", "spieltag": 25}},
{"pk": 218, "model": "BuLiTippApp.spiel", "fields": {"heimmannschaft": 10, "auswaertsmannschaft": 2, "datum": "2014-03-14T23:00:00Z", "ergebniss": "DNF", "spieltag": 25}},
{"pk": 219, "model": "BuLiTippApp.spiel", "fields": {"heimmannschaft": 1, "auswaertsmannschaft": 3, "datum": "2014-03-14T23:00:00Z", "ergebniss": "DNF", "spieltag": 25}},
{"pk": 220, "model": "BuLiTippApp.spiel", "fields": {"heimmannschaft": 14, "auswaertsmannschaft": 16, "datum": "2014-03-14T23:00:00Z", "ergebniss": "DNF", "spieltag": 25}},
{"pk": 221, "model": "BuLiTippApp.spiel", "fields": {"heimmannschaft": 11, "auswaertsmannschaft": 5, "datum": "2014-03-14T23:00:00Z", "ergebniss": "DNF", "spieltag": 25}},
{"pk": 222, "model": "BuLiTippApp.spiel", "fields": {"heimmannschaft": 13, "auswaertsmannschaft": 6, "datum": "2014-03-14T23:00:00Z", "ergebniss": "DNF", "spieltag": 25}},
{"pk": 223, "model": "BuLiTippApp.spiel", "fields": {"heimmannschaft": 18, "auswaertsmannschaft": 8, "datum": "2014-03-14T23:00:00Z", "ergebniss": "DNF", "spieltag": 25}},
{"pk": 224, "model": "BuLiTippApp.spiel", "fields": {"heimmannschaft": 12, "auswaertsmannschaft": 4, "datum": "2014-03-14T23:00:00Z", "ergebniss": "DNF", "spieltag": 25}},
{"pk": 225, "model": "BuLiTippApp.spiel", "fields": {"heimmannschaft": 7, "auswaertsmannschaft": 15, "datum": "2014-03-14T23:00:00Z", "ergebniss": "DNF", "spieltag": 25}},
{"pk": 226, "model": "BuLiTippApp.spiel", "fields": {"heimmannschaft": 5, "auswaertsmannschaft": 10, "datum": "2014-03-21T23:00:00Z", "ergebniss": "DNF", "spieltag": 26}},
{"pk": 227, "model": "BuLiTippApp.spiel", "fields": {"heimmannschaft": 15, "auswaertsmannschaft": 1, "datum": "2014-03-21T23:00:00Z", "ergebniss": "DNF", "spieltag": 26}},
{"pk": 228, "model": "BuLiTippApp.spiel", "fields": {"heimmannschaft": 4, "auswaertsmannschaft": 14, "datum": "2014-03-21T23:00:00Z", "ergebniss": "DNF", "spieltag": 26}},
{"pk": 229, "model": "BuLiTippApp.spiel", "fields": {"heimmannschaft": 3, "auswaertsmannschaft": 7, "datum": "2014-03-21T23:00:00Z", "ergebniss": "DNF", "spieltag": 26}},
{"pk": 230, "model": "BuLiTippApp.spiel", "fields": {"heimmannschaft": 6, "auswaertsmannschaft": 9, "datum": "2014-03-21T23:00:00Z", "ergebniss": "DNF", "spieltag": 26}},
{"pk": 231, "model": "BuLiTippApp.spiel", "fields": {"heimmannschaft": 16, "auswaertsmannschaft": 18, "datum": "2014-03-21T23:00:00Z", "ergebniss": "DNF", "spieltag": 26}},
{"pk": 232, "model": "BuLiTippApp.spiel", "fields": {"heimmannschaft": 17, "auswaertsmannschaft": 13, "datum": "2014-03-21T23:00:00Z", "ergebniss": "DNF", "spieltag": 26}},
{"pk": 233, "model": "BuLiTippApp.spiel", "fields": {"heimmannschaft": 8, "auswaertsmannschaft": 12, "datum": "2014-03-21T23:00:00Z", "ergebniss": "DNF", "spieltag": 26}},
{"pk": 234, "model": "BuLiTippApp.spiel", "fields": {"heimmannschaft": 2, "auswaertsmannschaft": 11, "datum": "2014-03-21T23:00:00Z", "ergebniss": "DNF", "spieltag": 26}},
{"pk": 235, "model": "BuLiTippApp.spiel", "fields": {"heimmannschaft": 11, "auswaertsmannschaft": 1, "datum": "2014-03-25T23:00:00Z", "ergebniss": "DNF", "spieltag": 27}},
{"pk": 236, "model": "BuLiTippApp.spiel", "fields": {"heimmannschaft": 10, "auswaertsmannschaft": 17, "datum": "2014-03-25T23:00:00Z", "ergebniss": "DNF", "spieltag": 27}},
{"pk": 237, "model": "BuLiTippApp.spiel", "fields": {"heimmannschaft": 12, "auswaertsmannschaft": 2, "datum": "2014-03-25T23:00:00Z", "ergebniss": "DNF", "spieltag": 27}},
{"pk": 238, "model": "BuLiTippApp.spiel", "fields": {"heimmannschaft": 9, "auswaertsmannschaft": 3, "datum": "2014-03-25T23:00:00Z", "ergebniss": "DNF", "spieltag": 27}},
{"pk": 239, "model": "BuLiTippApp.spiel", "fields": {"heimmannschaft": 8, "auswaertsmannschaft": 16, "datum": "2014-03-25T23:00:00Z", "ergebniss": "DNF", "spieltag": 27}},
{"pk": 240, "model": "BuLiTippApp.spiel", "fields": {"heimmannschaft": 7, "auswaertsmannschaft": 5, "datum": "2014-03-25T23:00:00Z", "ergebniss": "DNF", "spieltag": 27}},
{"pk": 241, "model": "BuLiTippApp.spiel", "fields": {"heimmannschaft": 14, "auswaertsmannschaft": 6, "datum": "2014-03-25T23:00:00Z", "ergebniss": "DNF", "spieltag": 27}},
{"pk": 242, "model": "BuLiTippApp.spiel", "fields": {"heimmannschaft": 18, "auswaertsmannschaft": 4, "datum": "2014-03-25T23:00:00Z", "ergebniss": "DNF", "spieltag": 27}},
{"pk": 243, "model": "BuLiTippApp.spiel", "fields": {"heimmannschaft": 13, "auswaertsmannschaft": 15, "datum": "2014-03-25T23:00:00Z", "ergebniss": "DNF", "spieltag": 27}},
{"pk": 244, "model": "BuLiTippApp.spiel", "fields": {"heimmannschaft": 16, "auswaertsmannschaft": 10, "datum": "2014-03-28T23:00:00Z", "ergebniss": "DNF", "spieltag": 28}},
{"pk": 245, "model": "BuLiTippApp.spiel", "fields": {"heimmannschaft": 5, "auswaertsmannschaft": 14, "datum": "2014-03-28T23:00:00Z", "ergebniss": "DNF", "spieltag": 28}},
{"pk": 246, "model": "BuLiTippApp.spiel", "fields": {"heimmannschaft": 4, "auswaertsmannschaft": 8, "datum": "2014-03-28T23:00:00Z", "ergebniss": "DNF", "spieltag": 28}},
{"pk": 247, "model": "BuLiTippApp.spiel", "fields": {"heimmannschaft": 1, "auswaertsmannschaft": 7, "datum": "2014-03-28T23:00:00Z", "ergebniss": "DNF", "spieltag": 28}},
{"pk": 248, "model": "BuLiTippApp.spiel", "fields": {"heimmannschaft": 15, "auswaertsmannschaft": 9, "datum": "2014-03-28T23:00:00Z", "ergebniss": "DNF", "spieltag": 28}},
{"pk": 249, "model": "BuLiTippApp.spiel", "fields": {"heimmannschaft": 2, "auswaertsmannschaft": 18, "datum": "2014-03-28T23:00:00Z", "ergebniss": "DNF", "spieltag": 28}},
{"pk": 250, "model": "BuLiTippApp.spiel", "fields": {"heimmannschaft": 3, "auswaertsmannschaft": 13, "datum": "2014-03-28T23:00:00Z", "ergebniss": "DNF", "spieltag": 28}},
{"pk": 251, "model": "BuLiTippApp.spiel", "fields": {"heimmannschaft": 6, "auswaertsmannschaft": 12, "datum": "2014-03-28T23:00:00Z", "ergebniss": "DNF", "spieltag": 28}},
{"pk": 252, "model": "BuLiTippApp.spiel", "fields": {"heimmannschaft": 17, "auswaertsmannschaft": 11, "datum": "2014-03-28T23:00:00Z", "ergebniss": "DNF", "spieltag": 28}},
{"pk": 253, "model": "BuLiTippApp.spiel", "fields": {"heimmannschaft": 9, "auswaertsmannschaft": 1, "datum": "2014-04-04T22:00:00Z", "ergebniss": "DNF", "spieltag": 29}},
{"pk": 254, "model": "BuLiTippApp.spiel", "fields": {"heimmannschaft": 14, "auswaertsmannschaft": 17, "datum": "2014-04-04T22:00:00Z", "ergebniss": "DNF", "spieltag": 29}},
{"pk": 255, "model": "BuLiTippApp.spiel", "fields": {"heimmannschaft": 8, "auswaertsmannschaft": 2, "datum": "2014-04-04T22:00:00Z", "ergebniss": "DNF", "spieltag": 29}},
{"pk": 256, "model": "BuLiTippApp.spiel", "fields": {"heimmannschaft": 18, "auswaertsmannschaft": 3, "datum": "2014-04-04T22:00:00Z", "ergebniss": "DNF", "spieltag": 29}},
{"pk": 257, "model": "BuLiTippApp.spiel", "fields": {"heimmannschaft": 13, "auswaertsmannschaft": 5, "datum": "2014-04-04T22:00:00Z", "ergebniss": "DNF", "spieltag": 29}},
{"pk": 258, "model": "BuLiTippApp.spiel", "fields": {"heimmannschaft": 10, "auswaertsmannschaft": 6, "datum": "2014-04-04T22:00:00Z", "ergebniss": "DNF", "spieltag": 29}},
{"pk": 259, "model": "BuLiTippApp.spiel", "fields": {"heimmannschaft": 11, "auswaertsmannschaft": 7, "datum": "2014-04-04T22:00:00Z", "ergebniss": "DNF", "spieltag": 29}},
{"pk": 260, "model": "BuLiTippApp.spiel", "fields": {"heimmannschaft": 16, "auswaertsmannschaft": 4, "datum": "2014-04-04T22:00:00Z", "ergebniss": "DNF", "spieltag": 29}},
{"pk": 261, "model": "BuLiTippApp.spiel", "fields": {"heimmannschaft": 12, "auswaertsmannschaft": 15, "datum": "2014-04-04T22:00:00Z", "ergebniss": "DNF", "spieltag": 29}},
{"pk": 262, "model": "BuLiTippApp.spiel", "fields": {"heimmannschaft": 15, "auswaertsmannschaft": 14, "datum": "2014-04-11T22:00:00Z", "ergebniss": "DNF", "spieltag": 30}},
{"pk": 263, "model": "BuLiTippApp.spiel", "fields": {"heimmannschaft": 6, "auswaertsmannschaft": 8, "datum": "2014-04-11T22:00:00Z", "ergebniss": "DNF", "spieltag": 30}},
{"pk": 264, "model": "BuLiTippApp.spiel", "fields": {"heimmannschaft": 7, "auswaertsmannschaft": 9, "datum": "2014-04-11T22:00:00Z", "ergebniss": "DNF", "spieltag": 30}},
{"pk": 265, "model": "BuLiTippApp.spiel", "fields": {"heimmannschaft": 5, "auswaertsmannschaft": 18, "datum": "2014-04-11T22:00:00Z", "ergebniss": "DNF", "spieltag": 30}},
{"pk": 266, "model": "BuLiTippApp.spiel", "fields": {"heimmannschaft": 4, "auswaertsmannschaft": 13, "datum": "2014-04-11T22:00:00Z", "ergebniss": "DNF", "spieltag": 30}},
{"pk": 267, "model": "BuLiTippApp.spiel", "fields": {"heimmannschaft": 17, "auswaertsmannschaft": 12, "datum": "2014-04-11T22:00:00Z", "ergebniss": "DNF", "spieltag": 30}},
{"pk": 268, "model": "BuLiTippApp.spiel", "fields": {"heimmannschaft": 3, "auswaertsmannschaft": 11, "datum": "2014-04-11T22:00:00Z", "ergebniss": "DNF", "spieltag": 30}},
{"pk": 269, "model": "BuLiTippApp.spiel", "fields": {"heimmannschaft": 1, "auswaertsmannschaft": 10, "datum": "2014-04-11T22:00:00Z", "ergebniss": "DNF", "spieltag": 30}},
{"pk": 270, "model": "BuLiTippApp.spiel", "fields": {"heimmannschaft": 2, "auswaertsmannschaft": 16, "datum": "2014-04-11T22:00:00Z", "ergebniss": "DNF", "spieltag": 30}},
{"pk": 271, "model": "BuLiTippApp.spiel", "fields": {"heimmannschaft": 13, "auswaertsmannschaft": 1, "datum": "2014-04-18T22:00:00Z", "ergebniss": "DNF", "spieltag": 31}},
{"pk": 272, "model": "BuLiTippApp.spiel", "fields": {"heimmannschaft": 16, "auswaertsmannschaft": 17, "datum": "2014-04-18T22:00:00Z", "ergebniss": "DNF", "spieltag": 31}},
{"pk": 273, "model": "BuLiTippApp.spiel", "fields": {"heimmannschaft": 4, "auswaertsmannschaft": 2, "datum": "2014-04-18T22:00:00Z", "ergebniss": "DNF", "spieltag": 31}},
{"pk": 274, "model": "BuLiTippApp.spiel", "fields": {"heimmannschaft": 8, "auswaertsmannschaft": 3, "datum": "2014-04-18T22:00:00Z", "ergebniss": "DNF", "spieltag": 31}},
{"pk": 275, "model": "BuLiTippApp.spiel", "fields": {"heimmannschaft": 12, "auswaertsmannschaft": 5, "datum": "2014-04-18T22:00:00Z", "ergebniss": "DNF", "spieltag": 31}},
{"pk": 276, "model": "BuLiTippApp.spiel", "fields": {"heimmannschaft": 18, "auswaertsmannschaft": 6, "datum": "2014-04-18T22:00:00Z", "ergebniss": "DNF", "spieltag": 31}},
{"pk": 277, "model": "BuLiTippApp.spiel", "fields": {"heimmannschaft": 14, "auswaertsmannschaft": 7, "datum": "2014-04-18T22:00:00Z", "ergebniss": "DNF", "spieltag": 31}},
{"pk": 278, "model": "BuLiTippApp.spiel", "fields": {"heimmannschaft": 10, "auswaertsmannschaft": 15, "datum": "2014-04-18T22:00:00Z", "ergebniss": "DNF", "spieltag": 31}},
{"pk": 279, "model": "BuLiTippApp.spiel", "fields": {"heimmannschaft": 9, "auswaertsmannschaft": 11, "datum": "2014-04-18T22:00:00Z", "ergebniss": "DNF", "spieltag": 31}},
{"pk": 280, "model": "BuLiTippApp.spiel", "fields": {"heimmannschaft": 3, "auswaertsmannschaft": 10, "datum": "2014-04-25T22:00:00Z", "ergebniss": "DNF", "spieltag": 32}},
{"pk": 281, "model": "BuLiTippApp.spiel", "fields": {"heimmannschaft": 17, "auswaertsmannschaft": 2, "datum": "2014-04-25T22:00:00Z", "ergebniss": "DNF", "spieltag": 32}},
{"pk": 282, "model": "BuLiTippApp.spiel", "fields": {"heimmannschaft": 5, "auswaertsmannschaft": 16, "datum": "2014-04-25T22:00:00Z", "ergebniss": "DNF", "spieltag": 32}},
{"pk": 283, "model": "BuLiTippApp.spiel", "fields": {"heimmannschaft": 1, "auswaertsmannschaft": 14, "datum": "2014-04-25T22:00:00Z", "ergebniss": "DNF", "spieltag": 32}},
{"pk": 284, "model": "BuLiTippApp.spiel", "fields": {"heimmannschaft": 15, "auswaertsmannschaft": 8, "datum": "2014-04-25T22:00:00Z", "ergebniss": "DNF", "spieltag": 32}},
{"pk": 285, "model": "BuLiTippApp.spiel", "fields": {"heimmannschaft": 6, "auswaertsmannschaft": 4, "datum": "2014-04-25T22:00:00Z", "ergebniss": "DNF", "spieltag": 32}},
{"pk": 286, "model": "BuLiTippApp.spiel", "fields": {"heimmannschaft": 9, "auswaertsmannschaft": 18, "datum": "2014-04-25T22:00:00Z", "ergebniss": "DNF", "spieltag": 32}},
{"pk": 287, "model": "BuLiTippApp.spiel", "fields": {"heimmannschaft": 11, "auswaertsmannschaft": 13, "datum": "2014-04-25T22:00:00Z", "ergebniss": "DNF", "spieltag": 32}},
{"pk": 288, "model": "BuLiTippApp.spiel", "fields": {"heimmannschaft": 7, "auswaertsmannschaft": 12, "datum": "2014-04-25T22:00:00Z", "ergebniss": "DNF", "spieltag": 32}},
{"pk": 289, "model": "BuLiTippApp.spiel", "fields": {"heimmannschaft": 18, "auswaertsmannschaft": 1, "datum": "2014-05-02T22:00:00Z", "ergebniss": "DNF", "spieltag": 33}},
{"pk": 290, "model": "BuLiTippApp.spiel", "fields": {"heimmannschaft": 4, "auswaertsmannschaft": 17, "datum": "2014-05-02T22:00:00Z", "ergebniss": "DNF", "spieltag": 33}},
{"pk": 291, "model": "BuLiTippApp.spiel", "fields": {"heimmannschaft": 12, "auswaertsmannschaft": 3, "datum": "2014-05-02T22:00:00Z", "ergebniss": "DNF", "spieltag": 33}},
{"pk": 292, "model": "BuLiTippApp.spiel", "fields": {"heimmannschaft": 8, "auswaertsmannschaft": 5, "datum": "2014-05-02T22:00:00Z", "ergebniss": "DNF", "spieltag": 33}},
{"pk": 293, "model": "BuLiTippApp.spiel", "fields": {"heimmannschaft": 16, "auswaertsmannschaft": 6, "datum": "2014-05-02T22:00:00Z", "ergebniss": "DNF", "spieltag": 33}},
{"pk": 294, "model": "BuLiTippApp.spiel", "fields": {"heimmannschaft": 10, "auswaertsmannschaft": 7, "datum": "2014-05-02T22:00:00Z", "ergebniss": "DNF", "spieltag": 33}},
{"pk": 295, "model": "BuLiTippApp.spiel", "fields": {"heimmannschaft": 2, "auswaertsmannschaft": 15, "datum": "2014-05-02T22:00:00Z", "ergebniss": "DNF", "spieltag": 33}},
{"pk": 296, "model": "BuLiTippApp.spiel", "fields": {"heimmannschaft": 13, "auswaertsmannschaft": 9, "datum": "2014-05-02T22:00:00Z", "ergebniss": "DNF", "spieltag": 33}},
{"pk": 297, "model": "BuLiTippApp.spiel", "fields": {"heimmannschaft": 14, "auswaertsmannschaft": 11, "datum": "2014-05-02T22:00:00Z", "ergebniss": "DNF", "spieltag": 33}},
{"pk": 298, "model": "BuLiTippApp.spiel", "fields": {"heimmannschaft": 11, "auswaertsmannschaft": 10, "datum": "2014-05-09T22:00:00Z", "ergebniss": "DNF", "spieltag": 34}},
{"pk": 299, "model": "BuLiTippApp.spiel", "fields": {"heimmannschaft": 6, "auswaertsmannschaft": 2, "datum": "2014-05-09T22:00:00Z", "ergebniss": "DNF", "spieltag": 34}},
{"pk": 300, "model": "BuLiTippApp.spiel", "fields": {"heimmannschaft": 1, "auswaertsmannschaft": 16, "datum": "2014-05-09T22:00:00Z", "ergebniss": "DNF", "spieltag": 34}},
{"pk": 301, "model": "BuLiTippApp.spiel", "fields": {"heimmannschaft": 3, "auswaertsmannschaft": 14, "datum": "2014-05-09T22:00:00Z", "ergebniss": "DNF", "spieltag": 34}},
{"pk": 302, "model": "BuLiTippApp.spiel", "fields": {"heimmannschaft": 17, "auswaertsmannschaft": 8, "datum": "2014-05-09T22:00:00Z", "ergebniss": "DNF", "spieltag": 34}},
{"pk": 303, "model": "BuLiTippApp.spiel", "fields": {"heimmannschaft": 5, "auswaertsmannschaft": 4, "datum": "2014-05-09T22:00:00Z", "ergebniss": "DNF", "spieltag": 34}},
{"pk": 304, "model": "BuLiTippApp.spiel", "fields": {"heimmannschaft": 15, "auswaertsmannschaft": 18, "datum": "2014-05-09T22:00:00Z", "ergebniss": "DNF", "spieltag": 34}},
{"pk": 305, "model": "BuLiTippApp.spiel", "fields": {"heimmannschaft": 7, "auswaertsmannschaft": 13, "datum": "2014-05-09T22:00:00Z", "ergebniss": "DNF", "spieltag": 34}},
{"pk": 306, "model": "BuLiTippApp.spiel", "fields": {"heimmannschaft": 9, "auswaertsmannschaft": 12, "datum": "2014-05-09T22:00:00Z", "ergebniss": "DNF", "spieltag": 34}},
{"pk": 307, "model": "BuLiTippApp.spiel", "fields": {"heimmannschaft": 19, "auswaertsmannschaft": 20, "datum": null, "ergebniss": "DNF", "spieltag": 35}},
{"pk": 308, "model": "BuLiTippApp.spiel", "fields": {"heimmannschaft": 21, "auswaertsmannschaft": 22, "datum": null, "ergebniss": "DNF", "spieltag": 35}},
{"pk": 309, "model": "BuLiTippApp.spiel", "fields": {"heimmannschaft": 23, "auswaertsmannschaft": 9, "datum": null, "ergebniss": "DNF", "spieltag": 35}},
{"pk": 310, "model": "BuLiTippApp.spiel", "fields": {"heimmannschaft": 24, "auswaertsmannschaft": 7, "datum": null, "ergebniss": "DNF", "spieltag": 35}},
{"pk": 311, "model": "BuLiTippApp.spiel", "fields": {"heimmannschaft": 25, "auswaertsmannschaft": 3, "datum": null, "ergebniss": "DNF", "spieltag": 35}},
{"pk": 312, "model": "BuLiTippApp.spiel", "fields": {"heimmannschaft": 26, "auswaertsmannschaft": 15, "datum": null, "ergebniss": "DNF", "spieltag": 35}},
{"pk": 313, "model": "BuLiTippApp.spiel", "fields": {"heimmannschaft": 27, "auswaertsmannschaft": 4, "datum": null, "ergebniss": "DNF", "spieltag": 35}},
{"pk": 314, "model": "BuLiTippApp.spiel", "fields": {"heimmannschaft": 28, "auswaertsmannschaft": 10, "datum": null, "ergebniss": "DNF", "spieltag": 35}},
{"pk": 315, "model": "BuLiTippApp.spiel", "fields": {"heimmannschaft": 29, "auswaertsmannschaft": 30, "datum": null, "ergebniss": "DNF", "spieltag": 35}},
{"pk": 316, "model": "BuLiTippApp.spiel", "fields": {"heimmannschaft": 31, "auswaertsmannschaft": 32, "datum": null, "ergebniss": "DNF", "spieltag": 35}},
{"pk": 317, "model": "BuLiTippApp.spiel", "fields": {"heimmannschaft": 33, "auswaertsmannschaft": 34, "datum": null, "ergebniss": "DNF", "spieltag": 35}},
{"pk": 318, "model": "BuLiTippApp.spiel", "fields": {"heimmannschaft": 35, "auswaertsmannschaft": 36, "datum": null, "ergebniss": "DNF", "spieltag": 35}},
{"pk": 319, "model": "BuLiTippApp.spiel", "fields": {"heimmannschaft": 37, "auswaertsmannschaft": 38, "datum": null, "ergebniss": "DNF", "spieltag": 35}},
{"pk": 320, "model": "BuLiTippApp.spiel", "fields": {"heimmannschaft": 39, "auswaertsmannschaft": 6, "datum": null, "ergebniss": "DNF", "spieltag": 35}},
{"pk": 321, "model": "BuLiTippApp.spiel", "fields": {"heimmannschaft": 40, "auswaertsmannschaft": 41, "datum": null, "ergebniss": "DNF", "spieltag": 35}},
{"pk": 322, "model": "BuLiTippApp.spiel", "fields": {"heimmannschaft": 42, "auswaertsmannschaft": 14, "datum": null, "ergebniss": "DNF", "spieltag": 35}},
{"pk": 323, "model": "BuLiTippApp.spiel", "fields": {"heimmannschaft": 43, "auswaertsmannschaft": 2, "datum": null, "ergebniss": "DNF", "spieltag": 35}},
{"pk": 324, "model": "BuLiTippApp.spiel", "fields": {"heimmannschaft": 44, "auswaertsmannschaft": 13, "datum": null, "ergebniss": "DNF", "spieltag": 35}},
{"pk": 325, "model": "BuLiTippApp.spiel", "fields": {"heimmannschaft": 45, "auswaertsmannschaft": 5, "datum": null, "ergebniss": "DNF", "spieltag": 35}},
{"pk": 326, "model": "BuLiTippApp.spiel", "fields": {"heimmannschaft": 46, "auswaertsmannschaft": 47, "datum": null, "ergebniss": "DNF", "spieltag": 35}},
{"pk": 327, "model": "BuLiTippApp.spiel", "fields": {"heimmannschaft": 48, "auswaertsmannschaft": 18, "datum": null, "ergebniss": "DNF", "spieltag": 35}},
{"pk": 328, "model": "BuLiTippApp.spiel", "fields": {"heimmannschaft": 49, "auswaertsmannschaft": 16, "datum": null, "ergebniss": "DNF", "spieltag": 35}},
{"pk": 329, "model": "BuLiTippApp.spiel", "fields": {"heimmannschaft": 50, "auswaertsmannschaft": 11, "datum": null, "ergebniss": "DNF", "spieltag": 35}},
{"pk": 330, "model": "BuLiTippApp.spiel", "fields": {"heimmannschaft": 51, "auswaertsmannschaft": 52, "datum": null, "ergebniss": "DNF", "spieltag": 35}},
{"pk": 331, "model": "BuLiTippApp.spiel", "fields": {"heimmannschaft": 53, "auswaertsmannschaft": 54, "datum": null, "ergebniss": "DNF", "spieltag": 35}},
{"pk": 332, "model": "BuLiTippApp.spiel", "fields": {"heimmannschaft": 55, "auswaertsmannschaft": 12, "datum": null, "ergebniss": "DNF", "spieltag": 35}},
{"pk": 333, "model": "BuLiTippApp.spiel", "fields": {"heimmannschaft": 56, "auswaertsmannschaft": 57, "datum": null, "ergebniss": "DNF", "spieltag": 35}},
{"pk": 334, "model": "BuLiTippApp.spiel", "fields": {"heimmannschaft": 58, "auswaertsmannschaft": 8, "datum": null, "ergebniss": "DNF", "spieltag": 35}},
{"pk": 335, "model": "BuLiTippApp.spiel", "fields": {"heimmannschaft": 59, "auswaertsmannschaft": 17, "datum": null, "ergebniss": "DNF", "spieltag": 35}},
{"pk": 336, "model": "BuLiTippApp.spiel", "fields": {"heimmannschaft": 60, "auswaertsmannschaft": 61, "datum": null, "ergebniss": "DNF", "spieltag": 35}},
{"pk": 337, "model": "BuLiTippApp.spiel", "fields": {"heimmannschaft": 62, "auswaertsmannschaft": 63, "datum": null, "ergebniss": "DNF", "spieltag": 35}},
{"pk": 338, "model": "BuLiTippApp.spiel", "fields": {"heimmannschaft": 64, "auswaertsmannschaft": 1, "datum": null, "ergebniss": "DNF", "spieltag": 35}},
{"pk": 1, "model": "BuLiTippApp.tipp", "fields": {"spiel": 116, "user": 1, "ergebniss": "1:0"}},
{"pk": 2, "model": "BuLiTippApp.tipp", "fields": {"spiel": 117, "user": 1, "ergebniss": "1:0"}},
{"pk": 3, "model": "BuLiTippApp.tipp", "fields": {"spiel": 114, "user": 1, "ergebniss": "0:0"}},
{"pk": 4, "model": "BuLiTippApp.tipp", "fields": {"spiel": 115, "user": 1, "ergebniss": "1:0"}},
{"pk": 5, "model": "BuLiTippApp.tipp", "fields": {"spiel": 112, "user": 1, "ergebniss": "2:1"}},
{"pk": 6, "model": "BuLiTippApp.tipp", "fields": {"spiel": 113, "user": 1, "ergebniss": "1:1"}},
{"pk": 7, "model": "BuLiTippApp.tipp", "fields": {"spiel": 110, "user": 1, "ergebniss": "0:1"}},
{"pk": 8, "model": "BuLiTippApp.tipp", "fields": {"spiel": 111, "user": 1, "ergebniss": "1:2"}},
{"pk": 9, "model": "BuLiTippApp.tipp", "fields": {"spiel": 109, "user": 1, "ergebniss": "1:2"}},
{"pk": 10, "model": "BuLiTippApp.tipp", "fields": {"spiel": 116, "user": 2, "ergebniss": "0:1"}},
{"pk": 11, "model": "BuLiTippApp.tipp", "fields": {"spiel": 117, "user": 2, "ergebniss": "0:1"}},
{"pk": 12, "model": "BuLiTippApp.tipp", "fields": {"spiel": 114, "user": 2, "ergebniss": "0:1"}},
{"pk": 13, "model": "BuLiTippApp.tipp", "fields": {"spiel": 115, "user": 2, "ergebniss": "0:1"}},
{"pk": 14, "model": "BuLiTippApp.tipp", "fields": {"spiel": 112, "user": 2, "ergebniss": "0:1"}},
{"pk": 15, "model": "BuLiTippApp.tipp", "fields": {"spiel": 113, "user": 2, "ergebniss": "0:1"}},
{"pk": 16, "model": "BuLiTippApp.tipp", "fields": {"spiel": 110, "user": 2, "ergebniss": "0:1"}},
{"pk": 17, "model": "BuLiTippApp.tipp", "fields": {"spiel": 111, "user": 2, "ergebniss": "0:1"}},
{"pk": 18, "model": "BuLiTippApp.tipp", "fields": {"spiel": 109, "user": 2, "ergebniss": "0:1"}},
{"pk": 19, "model": "BuLiTippApp.tipp", "fields": {"spiel": 123, "user": 1, "ergebniss": "2:1"}},
{"pk": 20, "model": "BuLiTippApp.tipp", "fields": {"spiel": 122, "user": 1, "ergebniss": "1:0"}},
{"pk": 21, "model": "BuLiTippApp.tipp", "fields": {"spiel": 121, "user": 1, "ergebniss": "0:1"}},
{"pk": 22, "model": "BuLiTippApp.tipp", "fields": {"spiel": 120, "user": 1, "ergebniss": "1:0"}},
{"pk": 23, "model": "BuLiTippApp.tipp", "fields": {"spiel": 126, "user": 1, "ergebniss": "0:2"}},
{"pk": 24, "model": "BuLiTippApp.tipp", "fields": {"spiel": 125, "user": 1, "ergebniss": "1:0"}},
{"pk": 25, "model": "BuLiTippApp.tipp", "fields": {"spiel": 124, "user": 1, "ergebniss": "0:1"}},
{"pk": 26, "model": "BuLiTippApp.tipp", "fields": {"spiel": 118, "user": 1, "ergebniss": "2:0"}},
{"pk": 27, "model": "BuLiTippApp.tipp", "fields": {"spiel": 119, "user": 1, "ergebniss": "2:1"}},
{"pk": 28, "model": "BuLiTippApp.tipp", "fields": {"spiel": 123, "user": 9, "ergebniss": "2:1"}},
{"pk": 29, "model": "BuLiTippApp.tipp", "fields": {"spiel": 122, "user": 9, "ergebniss": "1:0"}},
{"pk": 30, "model": "BuLiTippApp.tipp", "fields": {"spiel": 121, "user": 9, "ergebniss": "0:1"}},
{"pk": 31, "model": "BuLiTippApp.tipp", "fields": {"spiel": 120, "user": 9, "ergebniss": "1:0"}},
{"pk": 32, "model": "BuLiTippApp.tipp", "fields": {"spiel": 126, "user": 9, "ergebniss": "0:2"}},
{"pk": 33, "model": "BuLiTippApp.tipp", "fields": {"spiel": 125, "user": 9, "ergebniss": "1:0"}},
{"pk": 34, "model": "BuLiTippApp.tipp", "fields": {"spiel": 124, "user": 9, "ergebniss": "0:1"}},
{"pk": 35, "model": "BuLiTippApp.tipp", "fields": {"spiel": 118, "user": 9, "ergebniss": "2:0"}},
{"pk": 36, "model": "BuLiTippApp.tipp", "fields": {"spiel": 119, "user": 9, "ergebniss": "2:1"}},
{"pk": 37, "model": "BuLiTippApp.tipp", "fields": {"spiel": 130, "user": 9, "ergebniss": "0:1"}},
{"pk": 38, "model": "BuLiTippApp.tipp", "fields": {"spiel": 131, "user": 9, "ergebniss": "2:1"}},
{"pk": 39, "model": "BuLiTippApp.tipp", "fields": {"spiel": 132, "user": 9, "ergebniss": "1:0"}},
{"pk": 40, "model": "BuLiTippApp.tipp", "fields": {"spiel": 133, "user": 9, "ergebniss": "1:0"}},
{"pk": 41, "model": "BuLiTippApp.tipp", "fields": {"spiel": 127, "user": 9, "ergebniss": "2:1"}},
{"pk": 42, "model": "BuLiTippApp.tipp", "fields": {"spiel": 135, "user": 9, "ergebniss": "1:0"}},
{"pk": 43, "model": "BuLiTippApp.tipp", "fields": {"spiel": 129, "user": 9, "ergebniss": "0:2"}},
{"pk": 44, "model": "BuLiTippApp.tipp", "fields": {"spiel": 128, "user": 9, "ergebniss": "1:1"}},
{"pk": 45, "model": "BuLiTippApp.tipp", "fields": {"spiel": 134, "user": 9, "ergebniss": "1:0"}},
{"pk": 46, "model": "BuLiTippApp.tipp", "fields": {"spiel": 123, "user": 8, "ergebniss": "2:1"}},
{"pk": 47, "model": "BuLiTippApp.tipp", "fields": {"spiel": 122, "user": 8, "ergebniss": "1:0"}},
{"pk": 48, "model": "BuLiTippApp.tipp", "fields": {"spiel": 121, "user": 8, "ergebniss": "0:1"}},
{"pk": 49, "model": "BuLiTippApp.tipp", "fields": {"spiel": 120, "user": 8, "ergebniss": "1:0"}},
{"pk": 50, "model": "BuLiTippApp.tipp", "fields": {"spiel": 126, "user": 8, "ergebniss": "0:2"}},
{"pk": 51, "model": "BuLiTippApp.tipp", "fields": {"spiel": 125, "user": 8, "ergebniss": "1:0"}},
{"pk": 52, "model": "BuLiTippApp.tipp", "fields": {"spiel": 124, "user": 8, "ergebniss": "0:1"}},
{"pk": 53, "model": "BuLiTippApp.tipp", "fields": {"spiel": 118, "user": 8, "ergebniss": "2:0"}},
{"pk": 54, "model": "BuLiTippApp.tipp", "fields": {"spiel": 119, "user": 8, "ergebniss": "2:1"}},
{"pk": 55, "model": "BuLiTippApp.tipp", "fields": {"spiel": 130, "user": 8, "ergebniss": "0:1"}},
{"pk": 56, "model": "BuLiTippApp.tipp", "fields": {"spiel": 131, "user": 8, "ergebniss": "2:1"}},
{"pk": 57, "model": "BuLiTippApp.tipp", "fields": {"spiel": 132, "user": 8, "ergebniss": "1:0"}},
{"pk": 58, "model": "BuLiTippApp.tipp", "fields": {"spiel": 133, "user": 8, "ergebniss": "1:0"}},
{"pk": 59, "model": "BuLiTippApp.tipp", "fields": {"spiel": 127, "user": 8, "ergebniss": "2:1"}},
{"pk": 60, "model": "BuLiTippApp.tipp", "fields": {"spiel": 135, "user": 8, "ergebniss": "1:0"}},
{"pk": 61, "model": "BuLiTippApp.tipp", "fields": {"spiel": 129, "user": 8, "ergebniss": "0:2"}},
{"pk": 62, "model": "BuLiTippApp.tipp", "fields": {"spiel": 128, "user": 8, "ergebniss": "1:1"}},
{"pk": 63, "model": "BuLiTippApp.tipp", "fields": {"spiel": 134, "user": 8, "ergebniss": "1:0"}},
{"pk": 64, "model": "BuLiTippApp.tipp", "fields": {"spiel": 123, "user": 7, "ergebniss": "2:1"}},
{"pk": 65, "model": "BuLiTippApp.tipp", "fields": {"spiel": 122, "user": 7, "ergebniss": "1:0"}},
{"pk": 66, "model": "BuLiTippApp.tipp", "fields": {"spiel": 121, "user": 7, "ergebniss": "0:1"}},
{"pk": 67, "model": "BuLiTippApp.tipp", "fields": {"spiel": 120, "user": 7, "ergebniss": "1:0"}},
{"pk": 68, "model": "BuLiTippApp.tipp", "fields": {"spiel": 126, "user": 7, "ergebniss": "0:2"}},
{"pk": 69, "model": "BuLiTippApp.tipp", "fields": {"spiel": 125, "user": 7, "ergebniss": "1:0"}},
{"pk": 70, "model": "BuLiTippApp.tipp", "fields": {"spiel": 124, "user": 7, "ergebniss": "0:1"}},
{"pk": 71, "model": "BuLiTippApp.tipp", "fields": {"spiel": 118, "user": 7, "ergebniss": "2:0"}},
{"pk": 72, "model": "BuLiTippApp.tipp", "fields": {"spiel": 119, "user": 7, "ergebniss": "2:1"}},
{"pk": 73, "model": "BuLiTippApp.tipp", "fields": {"spiel": 130, "user": 7, "ergebniss": "0:1"}},
{"pk": 74, "model": "BuLiTippApp.tipp", "fields": {"spiel": 131, "user": 7, "ergebniss": "2:1"}},
{"pk": 75, "model": "BuLiTippApp.tipp", "fields": {"spiel": 132, "user": 7, "ergebniss": "1:0"}},
{"pk": 76, "model": "BuLiTippApp.tipp", "fields": {"spiel": 133, "user": 7, "ergebniss": "1:0"}},
{"pk": 77, "model": "BuLiTippApp.tipp", "fields": {"spiel": 127, "user": 7, "ergebniss": "2:1"}},
{"pk": 78, "model": "BuLiTippApp.tipp", "fields": {"spiel": 135, "user": 7, "ergebniss": "1:0"}},
{"pk": 79, "model": "BuLiTippApp.tipp", "fields": {"spiel": 129, "user": 7, "ergebniss": "0:2"}},
{"pk": 80, "model": "BuLiTippApp.tipp", "fields": {"spiel": 128, "user": 7, "ergebniss": "1:1"}},
{"pk": 81, "model": "BuLiTippApp.tipp", "fields": {"spiel": 134, "user": 7, "ergebniss": "1:0"}},
{"pk": 82, "model": "BuLiTippApp.tipp", "fields": {"spiel": 123, "user": 6, "ergebniss": "2:1"}},
{"pk": 83, "model": "BuLiTippApp.tipp", "fields": {"spiel": 122, "user": 6, "ergebniss": "1:0"}},
{"pk": 84, "model": "BuLiTippApp.tipp", "fields": {"spiel": 121, "user": 6, "ergebniss": "0:1"}},
{"pk": 85, "model": "BuLiTippApp.tipp", "fields": {"spiel": 120, "user": 6, "ergebniss": "1:0"}},
{"pk": 86, "model": "BuLiTippApp.tipp", "fields": {"spiel": 126, "user": 6, "ergebniss": "0:2"}},
{"pk": 87, "model": "BuLiTippApp.tipp", "fields": {"spiel": 125, "user": 6, "ergebniss": "1:0"}},
{"pk": 88, "model": "BuLiTippApp.tipp", "fields": {"spiel": 124, "user": 6, "ergebniss": "0:1"}},
{"pk": 89, "model": "BuLiTippApp.tipp", "fields": {"spiel": 118, "user": 6, "ergebniss": "2:0"}},
{"pk": 90, "model": "BuLiTippApp.tipp", "fields": {"spiel": 119, "user": 6, "ergebniss": "2:1"}},
{"pk": 91, "model": "BuLiTippApp.tipp", "fields": {"spiel": 130, "user": 6, "ergebniss": "0:1"}},
{"pk": 92, "model": "BuLiTippApp.tipp", "fields": {"spiel": 131, "user": 6, "ergebniss": "2:1"}},
{"pk": 93, "model": "BuLiTippApp.tipp", "fields": {"spiel": 132, "user": 6, "ergebniss": "1:0"}},
{"pk": 94, "model": "BuLiTippApp.tipp", "fields": {"spiel": 133, "user": 6, "ergebniss": "1:0"}},
{"pk": 95, "model": "BuLiTippApp.tipp", "fields": {"spiel": 127, "user": 6, "ergebniss": "2:1"}},
{"pk": 96, "model": "BuLiTippApp.tipp", "fields": {"spiel": 135, "user": 6, "ergebniss": "1:0"}},
{"pk": 97, "model": "BuLiTippApp.tipp", "fields": {"spiel": 129, "user": 6, "ergebniss": "0:2"}},
{"pk": 98, "model": "BuLiTippApp.tipp", "fields": {"spiel": 128, "user": 6, "ergebniss": "1:1"}},
{"pk": 99, "model": "BuLiTippApp.tipp", "fields": {"spiel": 134, "user": 6, "ergebniss": "1:0"}},
{"pk": 100, "model": "BuLiTippApp.tipp", "fields": {"spiel": 123, "user": 5, "ergebniss": "2:1"}},
{"pk": 101, "model": "BuLiTippApp.tipp", "fields": {"spiel": 122, "user": 5, "ergebniss": "1:0"}},
{"pk": 102, "model": "BuLiTippApp.tipp", "fields": {"spiel": 121, "user": 5, "ergebniss": "0:1"}},
{"pk": 103, "model": "BuLiTippApp.tipp", "fields": {"spiel": 120, "user": 5, "ergebniss": ""}},
{"pk": 104, "model": "BuLiTippApp.tipp", "fields": {"spiel": 126, "user": 5, "ergebniss": ""}},
{"pk": 105, "model": "BuLiTippApp.tipp", "fields": {"spiel": 125, "user": 5, "ergebniss": "1:0"}},
{"pk": 106, "model": "BuLiTippApp.tipp", "fields": {"spiel": 124, "user": 5, "ergebniss": ""}},
{"pk": 107, "model": "BuLiTippApp.tipp", "fields": {"spiel": 118, "user": 5, "ergebniss": "2:0"}},
{"pk": 108, "model": "BuLiTippApp.tipp", "fields": {"spiel": 119, "user": 5, "ergebniss": "2:1"}},
{"pk": 109, "model": "BuLiTippApp.tipp", "fields": {"spiel": 130, "user": 5, "ergebniss": "0:1"}},
{"pk": 110, "model": "BuLiTippApp.tipp", "fields": {"spiel": 131, "user": 5, "ergebniss": ""}},
{"pk": 111, "model": "BuLiTippApp.tipp", "fields": {"spiel": 132, "user": 5, "ergebniss": "1:0"}},
{"pk": 112, "model": "BuLiTippApp.tipp", "fields": {"spiel": 133, "user": 5, "ergebniss": "1:0"}},
{"pk": 113, "model": "BuLiTippApp.tipp", "fields": {"spiel": 127, "user": 5, "ergebniss": ""}},
{"pk": 114, "model": "BuLiTippApp.tipp", "fields": {"spiel": 135, "user": 5, "ergebniss": ""}},
{"pk": 115, "model": "BuLiTippApp.tipp", "fields": {"spiel": 129, "user": 5, "ergebniss": "0:2"}},
{"pk": 116, "model": "BuLiTippApp.tipp", "fields": {"spiel": 128, "user": 5, "ergebniss": "1:1"}},
{"pk": 117, "model": "BuLiTippApp.tipp", "fields": {"spiel": 134, "user": 5, "ergebniss": "1:0"}},
{"pk": 118, "model": "BuLiTippApp.tipp", "fields": {"spiel": 123, "user": 4, "ergebniss": "2:1"}},
{"pk": 119, "model": "BuLiTippApp.tipp", "fields": {"spiel": 122, "user": 4, "ergebniss": "1:0"}},
{"pk": 120, "model": "BuLiTippApp.tipp", "fields": {"spiel": 121, "user": 4, "ergebniss": "0:1"}},
{"pk": 121, "model": "BuLiTippApp.tipp", "fields": {"spiel": 120, "user": 4, "ergebniss": "1:0"}},
{"pk": 122, "model": "BuLiTippApp.tipp", "fields": {"spiel": 126, "user": 4, "ergebniss": ""}},
{"pk": 123, "model": "BuLiTippApp.tipp", "fields": {"spiel": 125, "user": 4, "ergebniss": "1:0"}},
{"pk": 124, "model": "BuLiTippApp.tipp", "fields": {"spiel": 124, "user": 4, "ergebniss": "0:1"}},
{"pk": 125, "model": "BuLiTippApp.tipp", "fields": {"spiel": 118, "user": 4, "ergebniss": "2:0"}},
{"pk": 126, "model": "BuLiTippApp.tipp", "fields": {"spiel": 119, "user": 4, "ergebniss": "2:1"}},
{"pk": 127, "model": "BuLiTippApp.tipp", "fields": {"spiel": 130, "user": 4, "ergebniss": "0:1"}},
{"pk": 128, "model": "BuLiTippApp.tipp", "fields": {"spiel": 131, "user": 4, "ergebniss": "2:1"}},
{"pk": 129, "model": "BuLiTippApp.tipp", "fields": {"spiel": 132, "user": 4, "ergebniss": "1:0"}},
{"pk": 130, "model": "BuLiTippApp.tipp", "fields": {"spiel": 133, "user": 4, "ergebniss": "1:0"}},
{"pk": 131, "model": "BuLiTippApp.tipp", "fields": {"spiel": 127, "user": 4, "ergebniss": ""}},
{"pk": 132, "model": "BuLiTippApp.tipp", "fields": {"spiel": 135, "user": 4, "ergebniss": "1:0"}},
{"pk": 133, "model": "BuLiTippApp.tipp", "fields": {"spiel": 129, "user": 4, "ergebniss": "0:2"}},
{"pk": 134, "model": "BuLiTippApp.tipp", "fields": {"spiel": 128, "user": 4, "ergebniss": "1:1"}},
{"pk": 135, "model": "BuLiTippApp.tipp", "fields": {"spiel": 134, "user": 4, "ergebniss": "1:0"}},
{"pk": 136, "model": "BuLiTippApp.tipp", "fields": {"spiel": 123, "user": 3, "ergebniss": "2:1"}},
{"pk": 137, "model": "BuLiTippApp.tipp", "fields": {"spiel": 122, "user": 3, "ergebniss": "1:0"}},
{"pk": 138, "model": "BuLiTippApp.tipp", "fields": {"spiel": 121, "user": 3, "ergebniss": "0:1"}},
{"pk": 139, "model": "BuLiTippApp.tipp", "fields": {"spiel": 120, "user": 3, "ergebniss": "1:0"}},
{"pk": 140, "model": "BuLiTippApp.tipp", "fields": {"spiel": 126, "user": 3, "ergebniss": "0:2"}},
{"pk": 141, "model": "BuLiTippApp.tipp", "fields": {"spiel": 125, "user": 3, "ergebniss": "1:0"}},
{"pk": 142, "model": "BuLiTippApp.tipp", "fields": {"spiel": 124, "user": 3, "ergebniss": "0:1"}},
{"pk": 143, "model": "BuLiTippApp.tipp", "fields": {"spiel": 118, "user": 3, "ergebniss": "2:0"}},
{"pk": 144, "model": "BuLiTippApp.tipp", "fields": {"spiel": 119, "user": 3, "ergebniss": "2:1"}},
{"pk": 145, "model": "BuLiTippApp.tipp", "fields": {"spiel": 130, "user": 3, "ergebniss": "0:1"}},
{"pk": 146, "model": "BuLiTippApp.tipp", "fields": {"spiel": 131, "user": 3, "ergebniss": "2:1"}},
{"pk": 147, "model": "BuLiTippApp.tipp", "fields": {"spiel": 132, "user": 3, "ergebniss": "1:0"}},
{"pk": 148, "model": "BuLiTippApp.tipp", "fields": {"spiel": 133, "user": 3, "ergebniss": "1:0"}},
{"pk": 149, "model": "BuLiTippApp.tipp", "fields": {"spiel": 127, "user": 3, "ergebniss": "2:1"}},
{"pk": 150, "model": "BuLiTippApp.tipp", "fields": {"spiel": 135, "user": 3, "ergebniss": "1:0"}},
{"pk": 151, "model": "BuLiTippApp.tipp", "fields": {"spiel": 129, "user": 3, "ergebniss": "0:2"}},
{"pk": 152, "model": "BuLiTippApp.tipp", "fields": {"spiel": 128, "user": 3, "ergebniss": "1:1"}},
{"pk": 153, "model": "BuLiTippApp.tipp", "fields": {"spiel": 134, "user": 3, "ergebniss": "1:0"}},
{"pk": 154, "model": "BuLiTippApp.tipp", "fields": {"spiel": 123, "user": 2, "ergebniss": "2:1"}},
{"pk": 155, "model": "BuLiTippApp.tipp", "fields": {"spiel": 122, "user": 2, "ergebniss": "1:0"}},
{"pk": 156, "model": "BuLiTippApp.tipp", "fields": {"spiel": 121, "user": 2, "ergebniss": "0:1"}},
{"pk": 157, "model": "BuLiTippApp.tipp", "fields": {"spiel": 120, "user": 2, "ergebniss": "1:0"}},
{"pk": 158, "model": "BuLiTippApp.tipp", "fields": {"spiel": 126, "user": 2, "ergebniss": "0:2"}},
{"pk": 159, "model": "BuLiTippApp.tipp", "fields": {"spiel": 125, "user": 2, "ergebniss": "1:0"}},
{"pk": 160, "model": "BuLiTippApp.tipp", "fields": {"spiel": 124, "user": 2, "ergebniss": "0:1"}},
{"pk": 161, "model": "BuLiTippApp.tipp", "fields": {"spiel": 118, "user": 2, "ergebniss": "2:0"}},
{"pk": 162, "model": "BuLiTippApp.tipp", "fields": {"spiel": 119, "user": 2, "ergebniss": "2:1"}},
{"pk": 163, "model": "BuLiTippApp.tipp", "fields": {"spiel": 130, "user": 2, "ergebniss": "0:1"}},
{"pk": 164, "model": "BuLiTippApp.tipp", "fields": {"spiel": 131, "user": 2, "ergebniss": "2:1"}},
{"pk": 165, "model": "BuLiTippApp.tipp", "fields": {"spiel": 132, "user": 2, "ergebniss": "1:0"}},
{"pk": 166, "model": "BuLiTippApp.tipp", "fields": {"spiel": 133, "user": 2, "ergebniss": "1:0"}},
{"pk": 167, "model": "BuLiTippApp.tipp", "fields": {"spiel": 127, "user": 2, "ergebniss": "2:1"}},
{"pk": 168, "model": "BuLiTippApp.tipp", "fields": {"spiel": 135, "user": 2, "ergebniss": "1:0"}},
{"pk": 169, "model": "BuLiTippApp.tipp", "fields": {"spiel": 129, "user": 2, "ergebniss": "0:2"}},
{"pk": 170, "model": "BuLiTippApp.tipp", "fields": {"spiel": 128, "user": 2, "ergebniss": "1:1"}},
{"pk": 171, "model": "BuLiTippApp.tipp", "fields": {"spiel": 134, "user": 2, "ergebniss": "1:0"}},
{"pk": 172, "model": "BuLiTippApp.tipp", "fields": {"spiel": 130, "user": 1, "ergebniss": "0:1"}},
{"pk": 173, "model": "BuLiTippApp.tipp", "fields": {"spiel": 131, "user": 1, "ergebniss": "2:1"}},
{"pk": 174, "model": "BuLiTippApp.tipp", "fields": {"spiel": 132, "user": 1, "ergebniss": "1:0"}},
{"pk": 175, "model": "BuLiTippApp.tipp", "fields": {"spiel": 133, "user": 1, "ergebniss": "1:0"}},
{"pk": 176, "model": "BuLiTippApp.tipp", "fields": {"spiel": 127, "user": 1, "ergebniss": "2:1"}},
{"pk": 177, "model": "BuLiTippApp.tipp", "fields": {"spiel": 135, "user": 1, "ergebniss": "1:0"}},
{"pk": 178, "model": "BuLiTippApp.tipp", "fields": {"spiel": 129, "user": 1, "ergebniss": "0:2"}},
{"pk": 179, "model": "BuLiTippApp.tipp", "fields": {"spiel": 128, "user": 1, "ergebniss": "1:1"}},
{"pk": 180, "model": "BuLiTippApp.tipp", "fields": {"spiel": 134, "user": 1, "ergebniss": "1:0"}},
{"pk": 1, "model": "BuLiTippApp.kommentar", "fields": {"reply_to": null, "text": "Kuhl!", "datum": "2013-11-17T10:46:31.354Z", "user": 2, "spieltag": 12}},
{"pk": 2, "model": "BuLiTippApp.kommentar", "fields": {"reply_to": null, "text": "Geliomat!", "datum": "2013-11-17T10:46:55.963Z", "user": 2, "spieltag": 13}},
{"pk": 3, "model": "BuLiTippApp.kommentar", "fields": {"reply_to": null, "text": "jo", "datum": "2013-11-18T17:58:36.781Z", "user": 2, "spieltag": 14}},
{"pk": 1, "model": "BuLiTippApp.meistertipp", "fields": {"spielzeit": 1, "datum": "2013-11-17T10:55:08.346Z", "user": 1, "mannschaft": 6}},
{"pk": 1, "model": "BuLiTippApp.herbstmeistertipp", "fields": {"spielzeit": 1, "datum": "2013-11-17T10:55:08.342Z", "user": 1, "mannschaft": 1}},
{"pk": 1, "model": "BuLiTippApp.absteiger", "fields": {"spielzeit": 1, "datum": "2013-11-17T10:55:08.317Z", "user": 1, "mannschaft": 1}},
{"pk": 2, "model": "BuLiTippApp.absteiger", "fields": {"spielzeit": 1, "datum": "2013-11-17T10:55:08.328Z", "user": 1, "mannschaft": 2}},
{"pk": 3, "model": "BuLiTippApp.absteiger", "fields": {"spielzeit": 1, "datum": "2013-11-17T10:55:08.337Z", "user": 1, "mannschaft": 3}},
{"pk": 1, "model": "BuLiTippApp.tabelle", "fields": {"spielzeit": 1, "mannschaft": 2, "platz": 1, "punkte": 3}},
{"pk": 2, "model": "BuLiTippApp.tabelle", "fields": {"spielzeit": 1, "mannschaft": 5, "platz": 2, "punkte": 3}},
{"pk": 3, "model": "BuLiTippApp.tabelle", "fields": {"spielzeit": 1, "mannschaft": 6, "platz": 3, "punkte": 3}},
{"pk": 4, "model": "BuLiTippApp.tabelle", "fields": {"spielzeit": 1, "mannschaft": 9, "platz": 4, "punkte": 3}},
{"pk": 5, "model": "BuLiTippApp.tabelle", "fields": {"spielzeit": 1, "mannschaft": 10, "platz": 5, "punkte": 3}},
{"pk": 6, "model": "BuLiTippApp.tabelle", "fields": {"spielzeit": 1, "mannschaft": 11, "platz": 6, "punkte": 3}},
{"pk": 7, "model": "BuLiTippApp.tabelle", "fields": {"spielzeit": 1, "mannschaft": 13, "platz": 7, "punkte": 3}},
{"pk": 8, "model": "BuLiTippApp.tabelle", "fields": {"spielzeit": 1, "mannschaft": 14, "platz": 8, "punkte": 3}},
{"pk": 9, "model": "BuLiTippApp.tabelle", "fields": {"spielzeit": 1, "mannschaft": 17, "platz": 9, "punkte": 3}},
{"pk": 10, "model": "BuLiTippApp.tabelle", "fields": {"spielzeit": 1, "mannschaft": 1, "platz": 10, "punkte": 0}},
{"pk": 11, "model": "BuLiTippApp.tabelle", "fields": {"spielzeit": 1, "mannschaft": 3, "platz": 11, "punkte": 0}},
{"pk": 12, "model": "BuLiTippApp.tabelle", "fields": {"spielzeit": 1, "mannschaft": 4, "platz": 12, "punkte": 0}},
{"pk": 13, "model": "BuLiTippApp.tabelle", "fields": {"spielzeit": 1, "mannschaft": 7, "platz": 13, "punkte": 0}},
{"pk": 14, "model": "BuLiTippApp.tabelle", "fields": {"spielzeit": 1, "mannschaft": 8, "platz": 14, "punkte": 0}},
{"pk": 15, "model": "BuLiTippApp.tabelle", "fields": {"spielzeit": 1, "mannschaft": 12, "platz": 15, "punkte": 0}},
{"pk": 16, "model": "BuLiTippApp.tabelle", "fields": {"spielzeit": 1, "mannschaft": 15, "platz": 16, "punkte": 0}},
{"pk": 17, "model": "BuLiTippApp.tabelle", "fields": {"spielzeit": 1, "mannschaft": 16, "platz": 17, "punkte": 0}},
{"pk": 18, "model": "BuLiTippApp.tabelle", "fields": {"spielzeit": 1, "mannschaft": 18, "platz": 18, "punkte": 0}}]